employee_id,first_name,last_name,email,department, salary ,joining_date,age
1,Joshua,Ramos,alexandra29@gmail.com,Operations,"65,313.80",5/23/2024,42
2,Christina,Clark,littlekyle@yahoo.com,IT,"58,827.30",10/2/2021,46
3,Jonathon,Sullivan,tannerivan@johnson.com,Operations,"57,427.30",4/30/2020,50
4,Clinton,Aguirre,jamieortega@yahoo.com,HR,"45,352.70",4/4/2021,55
5,Veronica,Weber,trevinosteven@ramos.com,Operations,"78,772.50",10/6/2020,51
6,Louis,Rivera,parksamy@gmail.com,Finance,"30,448.70",5/5/2020,41
7,Sabrina,Gonzalez,rwillis@mason-clark.biz,Marketing,"88,476.70",10/15/2020,48
8,Jillian,Lewis,sreese@mclean-baker.net,Marketing,"49,895.50",6/8/2021,33
9,Caroline,Kennedy,inguyen@huynh.com,Finance,"88,878.60",7/17/2024,47
10,Adam,Sanchez,luisclark@hotmail.com,HR,"88,331.20",3/23/2020,38
11,Sara,Miller,tmoore@warren-lewis.org,Marketing,"68,588.40",7/21/2020,26
12,Hannah,Carrillo,dianeroberts@becker.com,Operations,"82,047.40",5/13/2024,59
13,Elizabeth,Johnson,ramirezbriana@hotmail.com,IT,"83,585.40",12/11/2023,27
14,Victor,Lamb,michellebrown@finley.com,Finance,"55,038.00",10/29/2024,56
15,Tammy,Collins,cherylbanks@gmail.com,HR,"39,382.80",3/12/2021,52
16,Miranda,Mcmahon,bonillamatthew@yahoo.com,Operations,"41,564.10",4/20/2021,37
17,Carla,Melton,nicholas84@johnson-phillips.com,Finance,"41,986.90",11/8/2024,28
18,Robert,Sullivan,millerallison@hotmail.com,Finance,"72,896.90",6/9/2024,46
19,Jessica,Williams,royrandy@kelly.com,Operations,"98,452.10",7/2/2020,28
20,Kristina,Rivera,fbrooks@martin-blair.com,IT,"85,703.10",12/18/2022,59
21,Jason,Harding,smithgarrett@gmail.com,Finance,"54,100.50",8/31/2022,47
22,Karen,Brown,mcdonaldchristina@haynes.com,Marketing,"78,103.20",2/7/2020,41
23,David,Webster,zacharylee@thomas-sharp.com,Marketing,"35,390.40",6/21/2022,54
24,Margaret,Barry,isaacfischer@hotmail.com,Marketing,"58,500.30",11/17/2024,53
25,Monica,Olson,zparrish@hotmail.com,IT,"75,404.00",1/2/2021,24
26,Eduardo,Smith,rossjared@montes.com,IT,"96,756.20",3/31/2021,42
27,Carrie,Olson,isabellahall@gmail.com,Marketing,"72,155.30",5/31/2021,23
28,Bradley,Flowers,david06@johnson-simon.com,HR,"71,647.00",1/20/2021,23
29,Derek,Dunlap,zhudson@frank.org,Finance,"87,172.60",5/4/2020,48
30,Christopher,Wilson,nmurray@rivera.biz,HR,"85,120.70",4/6/2021,28
31,Kristina,Banks,gutierrezjeffrey@gmail.com,Operations,"91,453.30",9/14/2021,36
32,Nancy,Ortiz,claytonmcguire@turner-fowler.com,HR,"37,425.90",4/18/2023,35
33,Kristine,Roberts,elizabethwhite@yahoo.com,Finance,"64,355.50",2/2/2022,59
34,Robert,Duke,unguyen@yahoo.com,Marketing,"49,302.90",2/4/2020,48
35,Kenneth,Phillips,michael73@webb.com,Finance,"51,958.00",11/1/2021,40
36,Douglas,Webster,wcarey@ray.biz,Finance,"96,160.80",10/11/2024,26
37,Dylan,Warner,robertschristopher@wilkerson.org,IT,"57,348.50",12/15/2022,31
38,Anthony,Moran,pearsonmichael@schmidt-hernandez.info,Marketing,"61,178.70",7/17/2022,33
39,Jessica,Stokes,robertjones@gmail.com,IT,"60,328.00",12/24/2022,24
40,Katie,Gordon,stephaniegill@hotmail.com,HR,"77,255.00",12/28/2021,37
41,Kathleen,Bailey,zthompson@smith-wall.com,Finance,"92,873.30",11/22/2024,24
42,James,Vaughn,jessicaperez@hall.com,HR,"47,270.80",11/18/2023,51
43,Jaime,Evans,millerkathleen@fuller.info,HR,"31,594.00",4/21/2020,55
44,Vanessa,Rosario,angela21@yahoo.com,Marketing,"65,408.80",4/15/2021,42
45,Dwayne,Kline,zjenkins@shaffer.com,HR,"55,993.30",4/17/2023,31
46,Jeremiah,Silva,richardsonmichael@hotmail.com,HR,"34,163.30",12/23/2021,46
47,Michelle,Perez,waterscharles@gmail.com,Finance,"44,352.50",11/29/2023,29
48,Ricardo,Wilson,michaelhawkins@hotmail.com,IT,"31,024.70",12/27/2022,60
49,Barbara,Gay,zkim@yahoo.com,IT,"87,649.90",4/16/2021,53
50,Eugene,Taylor,chadmcdonald@mitchell.com,Finance,"35,104.00",1/9/2023,38
51,Joshua,Freeman,smithkarl@li.org,Finance,"35,893.40",3/25/2023,59
52,Melissa,Garcia,anthonypeters@yahoo.com,HR,"49,094.00",6/20/2021,51
53,David,Flynn,riveraangel@hotmail.com,Operations,"35,475.50",3/9/2023,55
54,Steven,Robinson,westariana@griffith-shepherd.info,HR,"41,451.50",12/8/2022,25
55,Thomas,Davis,arnoldsean@allen.com,Operations,"61,914.60",12/8/2022,33
56,Larry,Vargas,jonesjames@hotmail.com,Finance,"43,182.60",9/23/2022,51
57,William,Hodge,judy34@ferrell-garrett.com,Operations,"60,669.40",5/27/2024,41
58,David,King,louismendoza@nguyen.org,Finance,"32,339.80",10/28/2021,39
59,Fred,Nicholson,vthomas@yahoo.com,HR,"59,827.70",1/29/2020,52
60,Rickey,Moore,rjohnson@russell-morgan.com,Operations,"77,195.20",12/30/2022,30
61,Michael,Carlson,conniemorris@yahoo.com,HR,"37,731.50",7/13/2020,36
62,Christy,Martin,tcarr@davis.org,IT,"38,943.30",5/21/2020,28
63,Alexis,Rodriguez,kayla91@yahoo.com,IT,"75,687.10",10/18/2020,36
64,Susan,Parker,richardsonchristopher@gmail.com,Operations,"77,946.70",6/19/2020,42
65,Donna,Gibbs,milleralicia@johnson.com,HR,"98,453.90",9/26/2024,23
66,Stephen,Cox,laura89@hotmail.com,Finance,"57,193.90",5/11/2023,34
67,Andrew,Evans,sfields@jimenez.org,Operations,"97,693.10",7/27/2021,35
68,Kathleen,Mcintyre,rebeccalopez@guzman.com,Marketing,"41,015.40",8/24/2022,46
69,Sheri,Clark,william03@gmail.com,Finance,"63,724.80",8/7/2023,42
70,Cassandra,Lee,jensenlisa@warner-dixon.org,Finance,"74,820.00",5/5/2024,57
71,Tiffany,Allen,phillipdunn@gmail.com,Marketing,"69,740.40",5/30/2020,29
72,Roberto,Frost,saraferguson@hotmail.com,HR,"97,048.50",10/17/2024,53
73,Robert,Grant,gburns@yahoo.com,Marketing,"91,798.20",3/18/2024,32
74,Joshua,Powell,utravis@harris-tucker.com,Finance,"42,744.00",3/16/2022,56
75,Ricardo,Johnson,susancollier@gmail.com,Finance,"58,864.00",7/20/2023,31
76,Kyle,Durham,bhenry@weaver.com,Marketing,"51,792.50",5/16/2023,31
77,Shawn,Banks,adamsdale@hamilton-baldwin.org,Operations,"79,243.00",8/28/2022,26
78,Brian,Campbell,warecarrie@hotmail.com,Finance,"73,643.20",7/30/2023,59
79,Michael,Diaz,nortonkristine@hotmail.com,Marketing,"63,084.80",7/25/2020,35
80,Aaron,Foster,ramirezdaniel@anderson.com,HR,"90,474.30",2/9/2024,56
81,Frank,Harper,dannymacdonald@gmail.com,Operations,"89,616.90",11/24/2024,60
82,William,Williams,cynthia43@evans.com,Marketing,"72,750.50",3/28/2022,59
83,Regina,Cruz,iclarke@gmail.com,HR,"67,870.50",7/8/2020,54
84,Brandy,Perry,matthew41@lee-raymond.com,Marketing,"77,254.00",10/27/2021,54
85,Betty,Griffin,carnold@jones.net,Finance,"99,398.20",11/23/2024,55
86,Amy,Williams,uromero@adkins.com,IT,"37,718.70",4/17/2022,58
87,Jacob,Monroe,cjimenez@barber.com,HR,"50,172.70",7/4/2021,27
88,Jill,Hall,ericcosta@williams-long.net,Finance,"78,092.10",9/11/2022,53
89,Alexandra,Richmond,valdezmatthew@gmail.com,Operations,"63,588.50",1/3/2023,22
90,Tyler,Powers,gperry@keith-thomas.com,Operations,"64,827.20",5/18/2024,22
91,Jonathan,Thompson,jwalker@gmail.com,HR,"62,490.50",6/28/2020,53
92,Ashley,Martin,wilsonjoel@hotmail.com,HR,"50,046.30",12/21/2023,32
93,Carmen,Mccoy,simsmarvin@hotmail.com,HR,"57,355.40",11/20/2023,58
94,Joy,Livingston,vknox@yahoo.com,Marketing,"42,493.90",4/6/2024,38
95,Catherine,Williamson,pauljohnson@lawrence.net,Finance,"95,067.40",1/26/2023,29
96,Patricia,Patrick,charles41@hotmail.com,Marketing,"79,539.10",4/22/2021,59
97,Benjamin,Cruz,mendozakristina@gmail.com,Operations,"98,354.90",9/2/2024,59
98,Terry,Gallegos,chansamuel@hotmail.com,HR,"52,962.00",10/13/2021,36
99,Dawn,Byrd,raymondtodd@mcdonald.info,HR,"41,234.10",4/30/2020,53
100,Carrie,Acevedo,sanchezalexander@yahoo.com,HR,"41,857.00",1/17/2022,37
101,Ricardo,White,paul70@hotmail.com,HR,"88,300.50",10/21/2022,22
102,Emily,Nelson,anthonyorozco@alvarez.com,Finance,"68,770.70",1/19/2022,45
103,Tanya,Thomas,ncastillo@gonzalez.org,Finance,"67,611.80",9/13/2021,29
104,Andrew,Mcgee,ehampton@alvarez.com,HR,"85,405.00",8/23/2020,59
105,Michael,Fritz,fritzlauren@thomas.net,Marketing,"64,378.10",8/6/2021,35
106,Danielle,Bush,pamela25@bauer-martin.com,Operations,"38,389.70",7/25/2021,40
107,David,Craig,kwells@yahoo.com,Marketing,"38,181.20",10/22/2021,25
108,Maurice,Crosby,jasmineyoung@yahoo.com,Finance,"96,784.50",6/4/2023,54
109,Heather,Wood,kimberly58@banks.biz,HR,"75,964.80",6/28/2020,55
110,Jessica,Lawrence,nperez@thompson.com,Operations,"83,933.60",9/1/2022,27
111,Austin,Nichols,pkelly@hartman-terry.com,Finance,"48,184.50",8/26/2022,22
112,Betty,Cardenas,johnholland@gmail.com,Finance,"39,584.60",7/20/2024,56
113,Raymond,Roberts,mary93@bailey.biz,Marketing,"66,642.10",8/20/2022,60
114,Nancy,Kelley,osmith@ward.com,Marketing,"54,063.40",12/7/2021,26
115,Stephanie,Brooks,deborahperez@yahoo.com,HR,"75,502.10",10/4/2023,30
116,Olivia,Hughes,zunigasandra@morales.biz,Operations,"92,492.70",8/7/2023,42
117,Alyssa,Rivera,laurie54@lewis.info,IT,"44,335.70",11/23/2023,46
118,Stacey,Gonzalez,vsilva@gmail.com,HR,"96,035.60",7/1/2024,41
119,Natalie,Mccormick,renee82@yahoo.com,Operations,"84,462.10",4/27/2021,51
120,Mary,Smith,julieharris@hall.biz,IT,"44,144.70",3/6/2020,22
121,Walter,Villanueva,teresaruiz@washington.com,Marketing,"65,796.00",9/19/2022,41
122,Elizabeth,Perkins,andersonlaurie@gmail.com,Operations,"88,243.30",10/30/2021,26
123,Debbie,Phillips,xblake@hotmail.com,IT,"56,673.00",2/18/2023,58
124,Darryl,Evans,martincharlene@gutierrez-scott.com,Finance,"38,116.50",7/26/2021,23
125,Marisa,Hines,wendy29@yahoo.com,HR,"82,784.70",6/18/2020,44
126,Ricky,Jimenez,pattersonalyssa@hardy.info,IT,"92,445.40",11/27/2024,49
127,Michelle,Underwood,jamesjohnson@williams.com,Operations,"95,090.60",6/24/2024,48
128,Kelly,Riley,gary82@evans.com,IT,"95,520.10",7/1/2020,32
129,Melanie,Doyle,hopkinsbrenda@barker-mueller.com,IT,"47,098.30",5/9/2021,41
130,Jennifer,Fox,olynn@gmail.com,HR,"61,777.10",8/2/2020,37
131,Natasha,Miranda,xking@mosley.com,Operations,"75,664.10",5/24/2024,44
132,Jessica,Thomas,davidsuarez@yahoo.com,IT,"69,013.10",10/15/2020,32
133,Robert,Johnson,washingtonbrett@hotmail.com,IT,"95,982.00",7/30/2023,25
134,Samantha,Moore,michelle61@gray-arnold.info,IT,"76,487.60",12/17/2022,24
135,Ronald,Terry,aoliver@yahoo.com,Marketing,"86,004.50",2/6/2021,39
136,Samuel,Benson,denise06@rojas.com,Finance,"93,215.90",9/2/2023,44
137,Paul,Werner,ryankelly@schroeder.net,HR,"79,814.90",5/29/2023,38
138,Thomas,Booker,angelaneal@yahoo.com,HR,"96,685.40",7/18/2024,43
139,Jennifer,Norris,michellefitzpatrick@parks.net,Marketing,"78,256.30",7/27/2022,54
140,Shawn,Wright,nwilliams@hotmail.com,Operations,"39,532.10",2/28/2024,28
141,Henry,Hampton,bobbyramos@craig.com,Marketing,"98,629.10",7/31/2022,34
142,Amanda,Bruce,ablackwell@hernandez.com,IT,"96,446.80",10/9/2022,59
143,George,Leach,jonesjames@arnold-rios.com,HR,"69,553.00",1/28/2021,37
144,Anthony,Nelson,jacksonemily@yahoo.com,IT,"59,409.60",7/7/2020,48
145,Mary,Gentry,michellepena@hotmail.com,Finance,"59,668.60",10/31/2024,41
146,Mia,Harris,johnnyreyes@gilmore.com,Finance,"70,054.70",4/18/2020,42
147,Laura,Marquez,susan52@hotmail.com,HR,"78,043.70",11/7/2023,56
148,Michael,Green,nwilliams@robles.com,HR,"40,791.20",2/18/2021,59
149,William,Phillips,allenchristopher@rivera.com,Marketing,"58,037.20",5/13/2023,26
150,Alejandro,Carlson,alexanderlawson@anderson.com,Finance,"31,515.60",6/1/2023,22
151,Collin,Meyers,wesleyreyes@hudson.com,Marketing,"92,177.00",6/14/2022,23
152,Sarah,Garner,ericagrant@hotmail.com,HR,"32,007.80",12/25/2019,60
153,James,Peterson,jessica72@gmail.com,HR,"48,794.40",3/16/2021,49
154,Miranda,Brown,walkermichelle@herrera.org,Finance,"75,145.70",12/8/2021,57
155,Carl,Reed,lauren34@hotmail.com,Marketing,"51,031.40",10/13/2024,28
156,Kristina,Lozano,uperez@snow-mcdaniel.com,IT,"66,107.90",1/20/2020,55
157,Kimberly,Krause,taylorfox@williams-brock.com,Marketing,"35,367.10",3/26/2023,54
158,Michelle,Hicks,ashleyschwartz@perez.com,Finance,"90,610.90",6/3/2021,56
159,Sharon,Washington,wfranklin@hotmail.com,HR,"73,190.60",4/4/2023,23
160,Melissa,Cline,amanda20@walker.com,Finance,"96,859.20",11/25/2021,24
161,Raymond,George,eadams@stone-smith.net,IT,"53,840.00",9/19/2020,60
162,Jermaine,Brown,paulsmith@yahoo.com,Finance,"77,806.30",1/4/2022,24
163,Autumn,Martinez,efranklin@clark.com,IT,"49,900.30",12/11/2022,51
164,Christopher,White,david41@flowers.org,IT,"57,815.20",8/15/2022,47
165,Terry,Stewart,mooreraymond@rios-henry.org,Operations,"87,390.20",5/19/2020,30
166,Jeffrey,Parker,sarahray@turner-alexander.com,IT,"86,165.40",2/15/2024,38
167,Michael,Morris,chandlerryan@rowland-smith.com,Operations,"67,114.20",3/16/2021,51
168,Angela,Morris,tyleribarra@hotmail.com,IT,"40,796.20",11/23/2020,30
169,Samantha,Brown,beckerbobby@rasmussen-sanders.com,HR,"52,076.50",3/30/2021,52
170,Jennifer,Jackson,xthomas@yahoo.com,IT,"84,774.40",7/17/2023,23
171,Valerie,Booth,qparker@yahoo.com,HR,"58,303.10",7/2/2023,58
172,Alicia,Wolf,wdavis@brown.info,HR,"53,398.50",3/27/2023,60
173,Robert,Smith,christine55@gmail.com,Finance,"55,711.10",5/21/2021,24
174,Stephen,Knight,kaiserjeanne@andrade.com,IT,"66,166.40",9/7/2023,33
175,Willie,Ramos,douglas05@guerrero-robinson.com,Marketing,"48,446.30",6/8/2024,40
176,Maria,Maddox,smithwilliam@johnson.info,HR,"31,936.10",7/26/2022,57
177,Katie,Williams,davisrobert@jenkins.com,IT,"85,924.90",7/24/2022,48
178,Michele,Davis,qcox@gmail.com,Operations,"64,518.80",12/25/2020,44
179,Noah,Jenkins,ethansingh@yahoo.com,Finance,"63,930.90",8/6/2021,32
180,Jamie,Wood,brittanydillon@hotmail.com,HR,"61,960.40",10/25/2022,35
181,Kelly,Mejia,josephmclean@williams.com,IT,"67,123.60",8/12/2023,56
182,Samantha,Adams,bsmith@gmail.com,Finance,"52,614.60",6/9/2024,60
183,Tina,Silva,mitchellrebecca@hotmail.com,HR,"72,459.80",7/10/2021,45
184,Stacey,Schneider,michaelmatthew@walker.com,Marketing,"59,386.20",7/27/2023,49
185,Nancy,Alexander,bgomez@cohen-white.com,Operations,"31,897.10",10/28/2021,31
186,Madison,Davis,prattmandy@yahoo.com,HR,"63,644.50",11/5/2024,57
187,Kristina,Martinez,yoderkenneth@howard-reese.com,Marketing,"99,644.40",5/17/2024,58
188,Eric,Clarke,uproctor@hotmail.com,IT,"47,090.30",4/22/2020,43
189,Kerry,Roberts,baxterjoseph@simmons.com,IT,"47,842.90",11/26/2022,32
190,Jennifer,Hicks,zayers@long.info,Finance,"43,961.90",7/23/2023,52
191,David,Johnson,lauramontgomery@hotmail.com,Finance,"74,405.60",4/6/2023,31
192,Michael,Smith,robertjones@hotmail.com,IT,"96,986.80",10/30/2023,58
193,Justin,Bartlett,kellydana@reynolds.com,Finance,"81,295.60",11/1/2023,57
194,Ashley,Castillo,acarter@orozco.com,HR,"92,022.90",11/12/2024,34
195,Frank,Martin,stephensbrenda@hotmail.com,Finance,"51,198.90",12/16/2023,35
196,Garrett,Hughes,hhart@yahoo.com,HR,"31,785.80",6/15/2024,46
197,Jonathan,James,jasminerodriguez@reed.com,Finance,"60,562.60",1/4/2024,35
198,Alexandra,Lester,youngwilliam@gmail.com,Operations,"97,142.60",6/16/2021,50
199,Kelly,Mendoza,thomasfisher@mcneil.info,Finance,"99,277.00",1/15/2020,42
200,Brandon,Cuevas,colemanchristopher@kelly.net,Marketing,"78,097.90",2/4/2020,45
201,Ray,Hall,ldavidson@hotmail.com,Operations,"46,623.70",6/27/2022,53
202,Todd,Jones,fgutierrez@hotmail.com,Operations,"81,495.40",5/16/2020,34
203,Bradley,Bean,john12@gmail.com,HR,"47,389.50",4/22/2024,46
204,David,Stevenson,huntmary@jones.com,Marketing,"59,048.70",10/30/2020,31
205,Tiffany,Rose,maria90@yahoo.com,HR,"42,230.50",5/9/2022,54
206,Elizabeth,Maynard,tinasmith@yahoo.com,Operations,"92,737.80",11/11/2023,50
207,Rodney,Curry,matthewkim@zamora.com,HR,"91,764.90",2/26/2021,26
208,Adrian,Lewis,lori79@yahoo.com,HR,"91,344.90",7/27/2022,57
209,Daniel,Waters,garycasey@baldwin.info,Marketing,"36,835.90",1/10/2022,40
210,Lisa,Williams,qbrown@smith.com,HR,"60,210.50",1/17/2023,26
211,Brian,Mitchell,imendez@yahoo.com,HR,"36,112.30",6/8/2021,35
212,Teresa,Howard,courtney51@hotmail.com,HR,"69,423.70",7/25/2022,44
213,Eric,Smith,madison41@bishop.com,Operations,"32,640.80",7/8/2022,39
214,James,Kennedy,kimberly74@hotmail.com,Operations,"85,152.30",6/1/2023,54
215,Holly,Gonzalez,emilymays@gentry.com,Marketing,"58,883.40",6/13/2021,58
216,Matthew,Smith,xwatkins@adams-jones.com,Marketing,"48,011.00",4/18/2023,28
217,Jill,Mccarthy,suarezpeter@hotmail.com,Operations,"70,908.80",11/7/2023,22
218,Kevin,Rodriguez,amandamurray@gmail.com,IT,"38,281.70",11/17/2023,27
219,Rebecca,Livingston,paynedavid@yahoo.com,Operations,"35,347.00",6/2/2022,58
220,Katie,Goodwin,mark48@gmail.com,IT,"47,370.80",2/4/2021,26
221,Mary,Dean,davidberry@gmail.com,Operations,"45,157.80",6/5/2023,54
222,Julie,Lane,wcollier@smith.info,HR,"80,795.60",11/8/2023,49
223,Todd,Brown,megankelley@hotmail.com,Finance,"63,927.30",5/27/2024,46
224,Brett,Mcdonald,joseph90@jennings.com,Finance,"54,864.40",3/24/2022,36
225,Lonnie,Martin,craigjoanna@banks.com,Finance,"43,151.60",6/17/2022,59
226,Riley,Lambert,stephanieortiz@booth.com,HR,"61,863.80",10/10/2024,22
227,Marissa,Evans,ann91@gmail.com,HR,"36,170.40",10/28/2020,54
228,Michelle,Taylor,abbottleslie@hotmail.com,Marketing,"90,016.80",4/24/2022,41
229,Austin,Barry,jefferylarson@chavez.com,Marketing,"83,931.20",4/18/2022,25
230,James,Padilla,michael71@hotmail.com,IT,"94,536.30",3/8/2020,27
231,Robert,Torres,lgonzalez@gray-colon.com,IT,"83,708.60",12/22/2022,46
232,Ryan,Ellis,kentmichele@delgado.org,Operations,"60,257.30",10/19/2024,29
233,Lisa,Morgan,smithbarbara@powell.com,Operations,"90,939.20",5/22/2023,39
234,Jessica,Thompson,chandlerscott@hotmail.com,HR,"46,977.70",6/11/2024,24
235,Kristin,Meadows,adriennesharp@brown.com,IT,"81,983.00",7/27/2021,35
236,Mariah,Dickerson,lauracantrell@hotmail.com,Finance,"76,333.50",9/24/2020,36
237,Stacey,Dalton,annettenguyen@houston.com,Marketing,"89,916.10",8/24/2020,48
238,Tyler,Brown,coopersamantha@johnson.com,Marketing,"33,331.70",5/8/2020,60
239,Taylor,Byrd,ralph74@sanders.com,Operations,"66,327.70",5/5/2024,58
240,Patricia,Richardson,myersrebecca@downs-sharp.com,Operations,"65,795.10",12/10/2019,38
241,John,Clark,erodriguez@yahoo.com,Marketing,"38,840.10",1/14/2022,42
242,Maxwell,Goodman,santanaphyllis@greene.com,Operations,"94,485.90",11/22/2024,46
243,Kristopher,Wheeler,gibsonkyle@hotmail.com,HR,"77,972.80",5/21/2023,56
244,Justin,Lynch,oramsey@gmail.com,Finance,"89,298.10",5/2/2023,58
245,Caitlin,Lane,katelynthomas@farley-nichols.com,HR,"39,725.50",5/19/2021,34
246,Michael,Thomas,jamesguzman@lawson-anderson.com,Marketing,"49,598.90",12/16/2021,55
247,John,Stevens,brandonjones@yahoo.com,HR,"44,606.00",10/2/2021,29
248,Patrick,Suarez,rochajustin@dyer.com,Operations,"59,901.80",11/29/2021,55
249,Lisa,Hodges,brownjames@yahoo.com,IT,"52,268.60",4/21/2021,60
250,Melissa,Webster,baxterlawrence@cortez.net,HR,"34,912.00",6/1/2022,40
251,Brian,Wright,robert99@yahoo.com,Finance,"54,407.70",1/5/2020,50
252,Melissa,Becker,xmoses@sanchez-lewis.com,Operations,"55,648.60",1/5/2023,29
253,Casey,Cooke,ykeith@yahoo.com,IT,"84,506.30",8/24/2022,32
254,Colleen,Ward,brianhill@gmail.com,HR,"46,930.40",11/2/2021,37
255,Ashley,Williams,willielopez@yahoo.com,HR,"82,543.40",2/1/2020,38
256,Eric,Miller,bakerstephanie@yahoo.com,IT,"84,968.50",11/9/2020,23
257,Jonathon,Kelly,kingjoshua@hotmail.com,HR,"65,750.30",8/5/2021,32
258,Elizabeth,Gates,kking@gmail.com,Finance,"38,915.60",7/22/2020,57
259,Jodi,Oneill,shawraymond@adams-ochoa.com,HR,"55,058.80",12/31/2021,33
260,Michael,Taylor,sanderscameron@hotmail.com,HR,"34,314.40",9/19/2020,46
261,Alan,Diaz,patricia73@david.com,IT,"49,346.40",3/18/2023,56
262,Katherine,Moreno,mcclainvalerie@baker-flowers.org,Marketing,"55,157.90",1/31/2024,23
263,Joseph,Smith,sara54@yahoo.com,Marketing,"67,370.90",5/6/2021,47
264,George,Robertson,hhaney@pierce.com,Marketing,"39,353.20",10/4/2023,50
265,Adam,Warren,thompsonpatricia@yahoo.com,Operations,"92,649.10",1/7/2023,58
266,Dave,Hammond,castanedacarrie@yahoo.com,Operations,"66,760.40",3/28/2022,54
267,Jaclyn,Gonzalez,cjones@davis.com,IT,"60,457.60",7/7/2021,24
268,Tracy,Wood,nancy90@moreno.com,IT,"86,638.30",4/12/2020,45
269,Sharon,Sanchez,ujohnson@hotmail.com,Operations,"94,587.00",4/4/2024,50
270,Robert,Clark,pateldavid@butler.com,Marketing,"36,501.10",7/19/2024,24
271,Donna,Williamson,margaret36@hotmail.com,Operations,"41,766.30",1/30/2023,25
272,Tyler,Pratt,joanna54@gmail.com,Marketing,"82,003.20",8/27/2020,47
273,Christina,Rodriguez,ruizdonna@gmail.com,Finance,"57,127.80",4/16/2022,60
274,Debbie,Briggs,aprilsullivan@griffin.com,Marketing,"98,254.10",1/10/2024,44
275,Danielle,Washington,yavila@moreno.info,HR,"50,853.10",12/13/2022,47
276,Michelle,Miller,michael10@manning-dunlap.com,Finance,"82,903.40",6/6/2021,39
277,Jean,Calhoun,kellybrittany@wright.org,Finance,"69,422.30",3/21/2023,54
278,Kelly,Jensen,lynchbrandon@gmail.com,Operations,"58,404.70",7/16/2024,46
279,April,Larsen,michaelmoore@carter-paul.biz,Finance,"58,951.20",2/9/2021,23
280,Jeremy,Ibarra,douglassilva@hotmail.com,Marketing,"56,982.60",10/14/2020,23
281,Tammie,Klein,josephperry@gmail.com,Finance,"62,512.80",8/29/2021,53
282,Martin,Heath,heidi29@baker.com,IT,"49,368.60",10/10/2024,38
283,Kim,Hammond,melinda84@johnson.com,HR,"90,917.30",7/9/2024,38
284,Michele,Ellis,diana70@yahoo.com,Finance,"41,902.60",4/30/2021,60
285,Ashley,Barry,cbrown@yahoo.com,Marketing,"47,920.40",10/8/2023,25
286,Cynthia,Anderson,ukelly@gonzalez.com,HR,"79,942.90",11/15/2021,50
287,Mark,Brown,jamie58@hotmail.com,Operations,"30,811.40",10/25/2024,29
288,Erica,Caldwell,richardthomas@gmail.com,HR,"75,627.30",6/29/2020,25
289,Julie,Fox,noblechad@hotmail.com,HR,"98,667.70",8/16/2021,46
290,Thomas,Lewis,jacksontara@hotmail.com,HR,"85,008.80",8/26/2021,47
291,John,Fitzpatrick,ashleyjohnson@hotmail.com,HR,"86,338.60",8/9/2022,53
292,Cynthia,Thomas,nmelton@small-hughes.com,HR,"41,969.40",8/26/2023,26
293,April,Lawrence,pfarmer@tyler-hill.com,Marketing,"92,850.00",1/7/2023,31
294,Matthew,Guerrero,joshuatucker@zuniga.org,IT,"67,867.40",7/6/2024,29
295,Karen,Donaldson,louis76@padilla.com,HR,"46,485.80",11/25/2022,43
296,Mary,Kennedy,kelleyerik@rodriguez-romero.info,Marketing,"87,357.80",9/19/2020,23
297,Tonya,Olson,austinsmith@yahoo.com,Finance,"71,725.70",8/30/2020,34
298,Kelly,Murphy,lacey02@baker-jimenez.com,Operations,"61,072.60",10/25/2021,37
299,Robert,Weaver,joshua18@hotmail.com,IT,"94,593.10",8/16/2023,33
300,Matthew,Johnson,katie16@wood.com,Operations,"62,453.40",6/8/2024,55
301,Nathan,Smith,vstewart@harvey.com,Operations,"70,250.40",3/22/2020,26
302,Michael,Hernandez,amanda32@yahoo.com,IT,"37,367.20",11/20/2022,30
303,Cameron,Harrington,jmeyer@leach.com,HR,"55,541.80",4/16/2022,59
304,Wendy,May,stephensdavid@miller.info,IT,"86,333.70",6/14/2021,56
305,Joseph,Watson,grimeskimberly@salazar.info,Operations,"99,160.70",6/27/2022,45
306,Scott,Deleon,colegrant@pace.org,Operations,"43,522.30",6/3/2023,43
307,Amanda,Parker,barrettjeanette@hotmail.com,HR,"30,501.80",12/9/2023,26
308,Donna,Good,valerie25@jones-drake.com,Marketing,"51,977.40",9/25/2020,24
309,Blake,Farmer,prosales@hotmail.com,IT,"66,745.20",4/1/2023,35
310,Mary,Hurst,whitenoah@yahoo.com,Operations,"59,485.70",1/5/2024,35
311,Paul,Jackson,williamsriley@allison.com,Finance,"92,567.80",6/15/2024,29
312,Judy,Paul,joseph03@yahoo.com,IT,"76,786.60",8/13/2023,25
313,Paul,Johnston,zachary08@gmail.com,Finance,"92,469.00",8/8/2024,37
314,Ashley,Bryant,qberry@yahoo.com,Operations,"42,153.80",5/3/2022,46
315,Heather,Lane,mcdonaldelizabeth@hotmail.com,Marketing,"82,759.70",6/1/2023,45
316,Kimberly,Rodriguez,jonathansexton@gmail.com,Finance,"45,284.70",8/25/2023,55
317,Cody,Carter,karanorris@hotmail.com,Finance,"69,323.60",7/15/2022,47
318,Gabriella,Ramos,timothy93@yahoo.com,HR,"88,850.20",9/15/2020,23
319,Frank,Waters,russellwilliam@yahoo.com,Finance,"68,040.40",8/26/2022,29
320,Christopher,West,crystal89@bennett-fitzgerald.com,Marketing,"58,670.90",1/27/2022,31
321,Carly,Smith,xjohnson@campbell.org,HR,"43,724.70",4/5/2020,35
322,Kristina,Stokes,spearslori@yahoo.com,Finance,"41,053.50",7/1/2022,49
323,Ricky,Gross,morgannancy@hotmail.com,Marketing,"51,508.50",10/6/2024,22
324,Vanessa,Jackson,qhood@yahoo.com,HR,"69,330.50",5/9/2022,59
325,Robert,Cain,teresapoole@hotmail.com,Operations,"41,329.40",3/22/2020,31
326,Kelly,Peck,kyle09@hotmail.com,Operations,"93,076.60",11/16/2024,39
327,Andrew,Joseph,williamsoncharles@rodgers.com,Marketing,"45,714.40",3/23/2021,44
328,Eric,Wallace,dylanshannon@miller.info,HR,"69,255.20",2/1/2024,53
329,Donna,Allen,edwardsjoanna@smith-fleming.com,Finance,"92,277.50",3/8/2021,49
330,Melissa,Robertson,michaelfreeman@hotmail.com,HR,"67,912.10",9/24/2024,49
331,Michelle,Lamb,bennettwilliam@smith.biz,HR,"33,319.10",10/8/2021,22
332,Donna,Hernandez,mherrera@gmail.com,IT,"80,185.40",2/24/2020,45
333,Luis,Simpson,csalazar@gmail.com,Marketing,"90,491.20",12/17/2021,36
334,Joseph,Lopez,justin96@gmail.com,HR,"88,812.00",2/14/2024,47
335,Mark,Hernandez,nicholsonkrista@gmail.com,Operations,"64,112.80",3/11/2021,23
336,Ronald,Allen,tinabarnes@long-young.com,Operations,"89,925.30",6/16/2021,59
337,Michael,Vazquez,ilamb@gmail.com,Operations,"42,863.30",9/6/2020,52
338,Autumn,Sparks,keithstout@jones-brown.biz,IT,"56,595.60",8/24/2022,33
339,Cassandra,Baxter,btucker@booth-franklin.com,Operations,"66,981.60",5/2/2021,25
340,Clifford,Wells,melissa54@sweeney-malone.biz,HR,"74,324.30",2/28/2023,43
341,Tammy,Erickson,ncase@hotmail.com,Operations,"68,097.40",7/1/2024,36
342,Michelle,Ewing,robertthomas@parker.biz,HR,"52,299.60",10/15/2023,59
343,Katherine,Ortiz,thomashill@hamilton.com,IT,"56,223.10",12/29/2022,59
344,Carlos,Montgomery,meganbarber@meyer.com,Marketing,"39,675.10",5/19/2022,41
345,Alice,Waller,carriefletcher@gmail.com,HR,"62,539.10",9/10/2022,27
346,Lori,Mcclure,wanda90@gmail.com,Marketing,"93,482.70",8/1/2024,43
347,Patrick,Miller,mcphersonlinda@adams.com,Finance,"69,154.10",6/14/2020,40
348,Joshua,Kelley,ypaul@hotmail.com,HR,"56,431.40",4/11/2021,52
349,Bruce,Smith,gdean@hotmail.com,Marketing,"36,226.90",12/10/2019,37
350,Jason,Boone,daniellewright@gmail.com,IT,"98,618.70",6/29/2024,40
351,Sarah,Miller,qhayes@smith-foster.com,HR,"71,823.80",12/30/2023,29
352,Juan,Sawyer,gmoore@gmail.com,Marketing,"56,350.50",3/31/2021,40
353,Sheri,Weber,taylorheather@yahoo.com,IT,"66,018.40",10/26/2024,54
354,Cathy,Rivera,kristi83@wilkins.com,HR,"60,697.60",7/20/2022,22
355,Daniel,Gonzalez,mstein@thompson.org,Operations,"92,251.50",1/3/2020,24
356,Cynthia,Sexton,nicolehays@yahoo.com,HR,"33,170.70",11/29/2020,33
357,John,Deleon,pmccarthy@hernandez-burnett.net,HR,"64,204.80",4/5/2023,35
358,Darlene,Moore,paulanderson@gmail.com,Marketing,"82,538.90",8/26/2023,39
359,Linda,Rivera,fmoore@hotmail.com,Operations,"82,788.30",6/12/2020,26
360,Roberto,Villarreal,joseph95@johnson.biz,IT,"36,628.30",1/24/2021,59
361,John,Mason,whitneyfitzgerald@gmail.com,IT,"71,581.00",7/28/2021,31
362,Brittany,Suarez,karen35@simon.com,Operations,"83,211.90",8/17/2023,22
363,Jocelyn,Brown,amanda24@yahoo.com,Finance,"37,932.80",3/15/2020,59
364,Sheri,Myers,sduncan@gmail.com,IT,"91,853.50",11/25/2021,33
365,Nicole,Morales,tina24@gmail.com,Operations,"76,567.70",10/2/2023,41
366,Kimberly,Herring,jasminephillips@king.com,Operations,"76,372.90",9/1/2023,26
367,Kayla,Meyer,randy19@aguilar-turner.net,Finance,"50,236.90",12/22/2022,28
368,Jennifer,Wilson,salinastodd@bowers-daniel.net,Operations,"74,424.20",11/1/2023,30
369,James,Mcbride,burkebrooke@hotmail.com,Marketing,"88,508.80",2/27/2024,42
370,Angela,Johnson,brenda59@murphy.org,Marketing,"90,341.00",4/25/2023,27
371,Angel,Porter,fbenson@medina.com,HR,"96,593.90",2/27/2021,39
372,Sabrina,Hendricks,williamsmarc@miller-best.org,Finance,"73,909.40",10/7/2021,45
373,Robert,Cruz,dominique16@scott-martinez.com,Finance,"48,129.80",7/4/2021,36
374,Chad,Martin,haley76@white.com,Operations,"35,613.20",3/31/2023,29
375,Michael,Miller,kathleen89@vaughn-frederick.biz,Marketing,"70,228.80",5/15/2023,26
376,Kenneth,James,warnerjamie@gmail.com,Finance,"69,447.70",1/15/2021,49
377,Elizabeth,Torres,derektucker@kemp.com,IT,"86,194.60",8/24/2024,31
378,Lauren,Koch,ramoslisa@hernandez-thomas.info,Marketing,"90,433.60",11/27/2022,23
379,Brian,Thomas,shawn76@sosa.com,IT,"89,838.50",10/27/2022,43
380,Gina,Guzman,jgalvan@yahoo.com,HR,"90,868.80",1/14/2023,56
381,Melvin,Wallace,victoria11@wood.com,Operations,"65,710.00",8/6/2021,58
382,Steven,Hunt,erogers@anderson-yang.com,Operations,"61,441.10",6/14/2021,55
383,Amanda,Robinson,briannajames@yahoo.com,HR,"84,871.20",12/9/2020,57
384,David,Nelson,laurahernandez@gallagher.com,Finance,"70,172.70",10/14/2020,33
385,Christopher,Miller,samuel35@gmail.com,IT,"44,018.80",3/24/2023,34
386,Ashley,Peterson,yerickson@guerrero.com,IT,"30,102.70",10/18/2022,49
387,Billy,Gibson,daguilar@gmail.com,IT,"35,288.80",4/16/2023,58
388,Megan,Dunn,thomaswest@yahoo.com,Finance,"82,434.30",10/27/2021,54
389,Ryan,Sellers,jzimmerman@white.com,Finance,"82,652.60",10/2/2020,40
390,Anna,Khan,sanderson@gmail.com,HR,"51,371.30",5/8/2024,41
391,Leslie,Gonzalez,thoward@harvey.com,Marketing,"83,864.70",7/28/2024,52
392,Thomas,Harris,tonya38@patterson-thompson.com,IT,"38,518.80",10/1/2024,53
393,Samantha,Potter,jonathan76@yahoo.com,IT,"49,388.50",6/15/2021,40
394,Penny,Ingram,salinassara@yahoo.com,HR,"96,482.00",12/12/2020,43
395,Zachary,Snow,christinefowler@gmail.com,Operations,"91,679.40",5/26/2023,57
396,Anna,Huang,hernandezbobby@fleming.com,Marketing,"46,762.10",1/7/2020,35
397,Stephen,Smith,rodriguezamanda@gmail.com,IT,"52,391.50",11/27/2020,43
398,Holly,Nelson,brendakennedy@turner-zimmerman.info,Marketing,"89,488.20",10/20/2021,46
399,Karen,Campbell,tamara74@hotmail.com,IT,"91,227.50",12/24/2022,35
400,Christina,Edwards,dannyramirez@yahoo.com,Marketing,"97,886.50",3/24/2023,22
401,Jeffrey,Robertson,andrewsjeffrey@mitchell.net,Operations,"34,103.00",1/22/2024,27
402,Jill,Daniel,kevin13@hotmail.com,IT,"71,817.30",6/20/2020,43
403,Brianna,Morgan,pkelly@sanders-anderson.org,Operations,"32,507.10",8/6/2023,59
404,Pamela,Johnson,molinaheather@potter.com,Marketing,"89,159.60",11/11/2021,35
405,Melissa,Frazier,morgansims@bruce.info,HR,"34,023.40",9/30/2023,46
406,Megan,Gomez,johnhurley@hotmail.com,Operations,"91,382.20",12/21/2020,22
407,Ruben,Gregory,dunnchristina@jones.net,Finance,"98,529.30",8/15/2023,29
408,Melinda,Smith,austinpatton@gmail.com,IT,"31,775.90",8/24/2021,47
409,Ryan,Johnson,sarah98@hotmail.com,Operations,"53,167.70",6/24/2020,34
410,Yvonne,Nelson,beckjustin@garza.net,IT,"61,106.90",9/4/2024,57
411,Joshua,Aguilar,hendersonkelly@gardner.com,Finance,"90,940.20",7/26/2021,52
412,James,Martinez,solisstacey@martin.biz,Operations,"91,281.80",5/19/2023,41
413,Dennis,Bryant,dunnsteve@marshall.net,Operations,"40,270.20",3/22/2021,41
414,Steven,French,geraldnelson@gmail.com,HR,"41,675.00",3/28/2021,28
415,Felicia,Smith,devin68@yahoo.com,Operations,"57,224.90",1/14/2020,59
416,Patricia,Hamilton,robertthompson@yahoo.com,Operations,"67,486.70",9/11/2021,24
417,Meghan,Buck,christopher66@hotmail.com,Finance,"87,892.00",11/15/2023,55
418,Julie,Bush,mackvictoria@yahoo.com,Operations,"50,243.30",4/6/2023,31
419,Heather,Miller,rbrown@yahoo.com,Marketing,"54,067.40",9/15/2020,40
420,Rhonda,Pierce,swillis@gmail.com,Finance,"53,518.30",6/5/2024,32
421,Amanda,Austin,christopher43@yahoo.com,IT,"84,262.40",10/6/2021,33
422,Michelle,Hill,yharvey@fitzgerald.org,Finance,"79,789.50",11/19/2022,27
423,Gerald,Wright,acollins@hotmail.com,Marketing,"46,567.50",9/4/2020,57
424,Thomas,Thompson,townsendmelissa@hotmail.com,Finance,"88,557.30",2/3/2022,29
425,Bryan,Maddox,paul45@walton.com,Finance,"53,130.40",7/22/2021,27
426,John,Figueroa,kyle73@ortiz.org,HR,"95,976.10",10/14/2024,51
427,Lisa,Diaz,beltranstephen@hotmail.com,IT,"87,108.50",9/15/2023,22
428,Andrea,Warren,nicholascarter@sherman.com,Finance,"52,099.20",7/16/2024,23
429,Justin,King,upeterson@hotmail.com,Marketing,"47,529.60",10/11/2024,29
430,Emma,Thomas,kenneth85@hotmail.com,Operations,"60,215.90",9/22/2020,38
431,Mary,Alexander,huntnoah@wilson.com,Finance,"43,114.00",8/15/2022,55
432,Richard,Williams,leonjohnson@gmail.com,Finance,"32,705.10",4/7/2021,43
433,David,Lynch,juliecollins@gmail.com,Marketing,"64,280.00",1/21/2022,28
434,Erica,Smith,lopezcollin@maxwell.com,Operations,"87,877.80",2/10/2022,42
435,Raymond,Estrada,wolfmolly@gmail.com,Finance,"52,997.10",2/9/2020,36
436,Dustin,Nielsen,robert81@hotmail.com,IT,"60,875.90",4/6/2021,32
437,Faith,Green,ramseykristen@williams-smith.com,IT,"99,494.20",1/3/2021,36
438,Jonathan,Bailey,lauraallen@knapp.net,IT,"63,530.70",10/21/2024,32
439,Dustin,Mitchell,kelly51@reyes.com,Operations,"36,881.30",10/25/2022,56
440,Donald,Smith,xsummers@olson-morris.com,IT,"92,148.30",11/11/2024,40
441,Julie,Hernandez,stephensnathan@yahoo.com,IT,"66,634.60",8/30/2020,33
442,Donald,Becker,richard74@arellano.org,Finance,"50,391.40",2/26/2020,33
443,Lindsey,Nelson,morrowwilliam@yahoo.com,Operations,"74,828.40",11/11/2021,42
444,Abigail,Oconnell,erios@gmail.com,IT,"46,059.50",12/16/2019,34
445,Christian,Morris,hannahdavila@hotmail.com,Finance,"62,664.50",8/18/2020,48
446,Mitchell,Murphy,tjackson@barrett.com,Finance,"85,482.20",1/16/2020,44
447,Daniel,Larsen,frazierronald@schneider.com,Finance,"47,067.30",2/2/2021,58
448,Nancy,Wagner,kvargas@sexton.info,Operations,"51,024.90",6/12/2024,53
449,Marc,Johnson,yshelton@gmail.com,IT,"52,500.60",6/27/2022,23
450,Julie,Lopez,carolwright@hotmail.com,IT,"96,601.80",12/8/2020,39
451,Keith,Alvarez,hendersonstephen@kennedy-hawkins.net,IT,"68,488.10",2/18/2022,56
452,Becky,Hunter,nelsonjulia@yahoo.com,Marketing,"56,462.90",4/16/2024,41
453,Tanya,Pope,nathanhoward@gmail.com,Finance,"95,030.90",3/6/2021,51
454,April,Tran,ibutler@schwartz.com,Marketing,"91,639.40",9/5/2023,33
455,Ryan,Welch,qpitts@yahoo.com,HR,"73,774.50",4/23/2024,54
456,Derek,Perez,mccormicktaylor@hotmail.com,HR,"41,852.20",7/9/2021,44
457,Lisa,Green,connorburke@wilson.com,IT,"67,750.20",10/17/2020,41
458,Laurie,Richard,sean23@thomas-martinez.com,Finance,"88,912.30",10/19/2020,51
459,Bruce,Harris,yking@hotmail.com,IT,"51,769.10",3/9/2020,50
460,Joseph,Chavez,deborah63@garner.com,Finance,"75,081.20",1/7/2021,45
461,Donna,Murphy,carlos64@gmail.com,Finance,"36,696.70",10/8/2024,34
462,Steven,Perry,jenniferfoley@gmail.com,HR,"72,323.20",4/14/2021,48
463,Timothy,Gardner,sanchezjesse@cohen.com,Finance,"77,497.50",12/13/2020,41
464,Shaun,Garcia,ostanton@taylor.com,IT,"41,268.70",8/19/2022,42
465,Adam,Herrera,jenniferjohnson@gmail.com,IT,"77,124.90",2/23/2024,41
466,Tonya,Hill,cookscott@yahoo.com,Operations,"48,064.60",12/21/2020,51
467,Jennifer,Shaw,john62@gmail.com,Operations,"84,027.60",6/21/2020,58
468,Robert,Payne,washingtonrobert@gamble-acosta.org,IT,"69,811.10",5/20/2023,50
469,Amy,Ramirez,clarkcrystal@guerrero.com,Operations,"76,922.50",6/27/2020,53
470,Jillian,Brown,megangarcia@hotmail.com,Operations,"62,012.50",8/4/2023,47
471,Christopher,Baker,dana24@yahoo.com,Finance,"35,086.90",2/15/2021,26
472,Rachel,Ray,lori33@summers.com,HR,"51,650.90",2/15/2022,58
473,Krystal,Fisher,brittany35@martinez.info,Finance,"65,847.20",9/29/2021,51
474,Sarah,Moses,becky47@marshall.com,IT,"64,688.20",12/18/2023,24
475,Juan,Diaz,schmidttimothy@gmail.com,Operations,"68,121.60",9/29/2022,37
476,Melissa,Copeland,todd60@davis.com,IT,"85,179.60",2/13/2024,36
477,Megan,Garcia,jennifer45@yahoo.com,Finance,"87,082.50",3/4/2020,53
478,Jessica,Sparks,eguzman@anderson.com,Marketing,"81,181.00",10/15/2022,29
479,Kimberly,Williams,lhunt@cervantes.com,HR,"99,774.90",1/23/2024,57
480,John,Morris,hernandezjohn@yahoo.com,IT,"38,112.50",10/26/2024,59
481,Jamie,Kelly,robinsonjonathan@randolph.org,HR,"57,830.80",1/5/2024,29
482,David,Owens,hornlauren@simpson.com,Operations,"91,946.40",10/15/2023,41
483,Megan,Long,eric98@hernandez-walters.com,Operations,"70,813.50",9/21/2022,39
484,Jack,Valencia,jacksonjoshua@hotmail.com,HR,"73,865.90",7/8/2021,38
485,Michael,Mcdaniel,sparksnichole@yahoo.com,Operations,"99,530.70",11/21/2021,49
486,Maria,Barker,thomasyu@brooks.com,HR,"81,398.20",9/18/2024,49
487,Evelyn,Wright,millermichael@yahoo.com,Marketing,"85,107.80",8/13/2023,31
488,Derek,Hughes,htorres@hotmail.com,IT,"90,247.40",2/25/2021,53
489,Angelica,Ward,hailey50@page.com,IT,"47,227.80",10/7/2021,59
490,Victoria,Porter,mikeblackburn@soto.com,IT,"86,330.50",7/31/2022,49
491,Gerald,Day,ashley81@gomez-payne.com,IT,"98,663.20",4/28/2020,57
492,Elijah,Best,martinezchristina@hotmail.com,Marketing,"88,831.10",7/27/2024,42
493,Joseph,Ibarra,charles51@gmail.com,Marketing,"99,953.40",7/19/2023,47
494,Gregory,Mason,howardandrew@yahoo.com,Finance,"31,196.30",1/4/2024,60
495,Tyler,Robertson,wmorton@smith.com,IT,"66,930.60",5/20/2021,50
496,Samantha,Bailey,jose00@hotmail.com,HR,"51,283.70",10/15/2021,52
497,Paige,Castillo,kristen69@hotmail.com,IT,"84,268.90",4/25/2024,38
498,Amanda,Powers,elizabethalvarez@yahoo.com,IT,"70,047.50",2/25/2024,32
499,Sonya,Wilson,jillhunter@hansen-nelson.biz,Marketing,"30,145.30",1/11/2020,29
500,Catherine,Park,kevinbridges@choi.com,HR,"52,951.70",3/11/2022,41
501,Catherine,Martinez,bball@hotmail.com,Finance,"68,442.70",8/16/2024,59
502,Lawrence,Preston,staceyleon@hotmail.com,HR,"84,044.40",9/9/2024,39
503,Tara,Robinson,bushwilliam@gmail.com,HR,"30,792.20",3/10/2020,49
504,Carol,Hernandez,rwiley@roberts-holmes.org,IT,"70,033.30",3/10/2020,50
505,Jasmine,Bishop,jeremy41@kline.com,Operations,"74,589.60",2/8/2022,59
506,Anna,Wells,qnicholson@collier.com,IT,"46,957.90",7/8/2022,31
507,Jennifer,Spears,wjohnson@hotmail.com,IT,"46,705.80",5/9/2022,42
508,Billy,Baxter,austinmiller@durham-thomas.com,Operations,"45,086.60",9/3/2021,59
509,Sara,Thomas,jamesjenkins@yahoo.com,Marketing,"45,060.50",1/13/2024,52
510,Stephanie,Baxter,nsmith@hardy.com,Operations,"37,941.60",2/22/2022,51
511,Kristina,Mckinney,cgill@kerr.com,HR,"44,169.90",10/15/2022,57
512,Hannah,Martin,qdavis@hotmail.com,Marketing,"63,376.80",4/16/2021,28
513,Rebecca,Osborne,amywilliams@yahoo.com,HR,"86,670.80",6/12/2022,35
514,George,Cruz,danielhunt@gmail.com,Marketing,"82,612.70",9/3/2020,28
515,Christine,Alvarez,daniel88@gmail.com,Operations,"65,622.50",3/23/2023,22
516,Heather,Mills,spencer82@hotmail.com,Finance,"84,551.50",12/3/2020,44
517,Angela,Gibson,hsalas@yahoo.com,HR,"89,505.60",2/1/2021,26
518,Laurie,Gallegos,connormoreno@riley.info,IT,"39,792.40",2/24/2020,55
519,Lisa,Cantu,anthony00@gmail.com,Operations,"45,061.60",8/2/2023,39
520,Debra,Reilly,danny92@hotmail.com,Marketing,"70,260.10",7/16/2022,43
521,Brian,Strickland,ochoataylor@gmail.com,IT,"83,685.70",6/17/2020,34
522,Heather,Hatfield,lisaguerrero@hatfield.com,Marketing,"62,944.30",7/28/2023,31
523,Brian,Taylor,qsnyder@yahoo.com,HR,"95,721.00",6/7/2023,22
524,Sheena,Wright,gsims@osborne.com,Finance,"30,338.20",10/4/2023,32
525,Reginald,Edwards,ericmatthews@johnson-page.org,Operations,"58,072.00",4/9/2022,31
526,George,Harrington,alejandroperez@hotmail.com,Operations,"37,468.30",8/25/2021,39
527,Dustin,Bright,mercadorandy@hotmail.com,Marketing,"38,236.70",6/12/2024,44
528,Derek,Mcdaniel,alexafitzgerald@yahoo.com,Finance,"53,428.70",4/17/2022,25
529,Danny,Beck,oreyes@harris.com,Marketing,"96,881.20",5/18/2023,27
530,Kevin,Smith,bushheather@simmons.com,Operations,"76,204.50",9/2/2023,51
531,David,Washington,laura02@gmail.com,IT,"96,016.80",8/29/2021,56
532,Courtney,Lawson,blakemoore@gmail.com,Finance,"80,647.00",12/7/2019,25
533,Aaron,Kelly,heberteric@gmail.com,IT,"65,332.90",11/12/2024,57
534,Jacob,Lewis,kathrynsnyder@watson.com,Finance,"30,214.90",1/9/2023,33
535,Gina,Walton,vclark@gmail.com,IT,"91,418.90",7/6/2021,29
536,James,Griffin,johnsoncolin@hotmail.com,Finance,"65,101.10",5/9/2022,34
537,John,Palmer,danielgraham@yahoo.com,IT,"98,697.50",5/24/2020,34
538,Teresa,Lee,mitchell01@yahoo.com,Finance,"99,901.20",6/24/2024,25
539,Kenneth,Johnson,qjohnson@gmail.com,HR,"56,104.10",8/30/2023,34
540,Heather,Allen,joshuajackson@sexton.com,Operations,"73,967.50",4/17/2024,47
541,Molly,Wagner,scarney@hotmail.com,Marketing,"55,119.70",1/26/2020,46
542,Isabella,Rogers,cmcgee@cooper.biz,Marketing,"35,914.40",12/25/2019,52
543,Alex,Harris,michaelgonzalez@yahoo.com,IT,"48,140.30",10/6/2022,57
544,Joshua,Henderson,ernest95@gmail.com,Marketing,"89,917.00",6/9/2021,55
545,Melody,Brown,milesthomas@young-phillips.biz,Marketing,"58,562.80",12/18/2023,36
546,Luis,Turner,adrian16@gmail.com,Operations,"62,586.10",5/5/2024,52
547,Crystal,Rodriguez,katherinerivers@phillips.com,Marketing,"65,073.80",1/20/2024,24
548,Hunter,Jacobs,timothy67@yahoo.com,Marketing,"50,996.80",10/1/2021,57
549,Lisa,Riddle,christopher13@hotmail.com,Operations,"63,688.20",9/6/2024,28
550,Christine,Murphy,greenfrank@jackson.info,Finance,"74,669.70",3/31/2021,45
551,Courtney,White,floresjonathan@yahoo.com,HR,"65,017.20",9/10/2020,60
552,Christine,Brown,jeffreyconrad@gilbert.info,HR,"75,378.60",7/15/2021,46
553,Sandra,Jackson,nelsonronald@bell.net,Marketing,"34,414.60",10/4/2021,59
554,Mary,Roberts,dana31@freeman-wilson.biz,IT,"77,312.70",5/21/2020,38
555,Sharon,Flores,aaronmeza@gmail.com,IT,"78,550.10",11/17/2023,47
556,Elijah,Logan,james68@yahoo.com,Finance,"90,439.10",7/15/2024,23
557,Jessica,Lucas,cynthia98@gmail.com,Marketing,"34,301.90",11/8/2024,59
558,Tina,Carroll,pfrazier@stewart.net,Marketing,"55,741.20",5/10/2024,53
559,Kelli,Rivera,zoe79@hotmail.com,Marketing,"58,286.40",1/11/2021,34
560,Larry,Fry,seanmcdonald@alexander-moss.info,Operations,"74,237.30",9/22/2022,54
561,Jason,Green,sholloway@hotmail.com,IT,"47,370.00",10/20/2022,58
562,Terri,Snyder,johnsonmary@yahoo.com,HR,"62,258.50",2/22/2024,27
563,Michelle,Burton,isabella11@gmail.com,IT,"48,654.90",9/25/2022,28
564,Colton,Jones,stephenwright@hamilton.net,Marketing,"71,534.80",11/9/2021,46
565,Sheila,Hood,jeffery76@clarke.org,Marketing,"80,821.30",1/15/2024,42
566,Jesus,Fletcher,carlsonanthony@dean.org,Finance,"39,367.00",6/19/2021,41
567,Adam,Kirby,zgarza@yahoo.com,Operations,"59,382.10",12/24/2021,55
568,Kyle,Martin,christopherscott@thomas.com,HR,"74,321.00",11/8/2021,44
569,Maureen,Travis,cynthiawang@hotmail.com,HR,"62,790.50",5/24/2023,29
570,Mackenzie,Patel,keith00@elliott.biz,Marketing,"84,535.00",11/9/2024,39
571,John,Sims,alexisgarza@gmail.com,Operations,"58,879.90",11/10/2021,40
572,Taylor,Singh,ybruce@brown.com,Finance,"74,306.90",7/4/2024,31
573,Jacqueline,Ferguson,vickiellison@johnson.com,HR,"31,534.80",6/4/2020,35
574,Erin,Glass,matthewchavez@yahoo.com,Operations,"69,641.40",6/27/2020,35
575,Brooke,Taylor,thomas05@smith-stewart.com,Operations,"50,789.00",2/12/2020,50
576,Joshua,Jenkins,gillcandace@page.com,Finance,"83,882.10",2/28/2021,39
577,Dennis,Olsen,andersondiana@cardenas.com,HR,"47,496.10",12/17/2020,41
578,Charles,Shepard,cdrake@schneider.com,Finance,"99,176.20",6/7/2022,43
579,Kristen,Allen,cjackson@gmail.com,Operations,"79,083.60",4/2/2024,59
580,Emily,Morris,beth22@jackson-bell.com,Marketing,"89,566.30",4/12/2023,28
581,Heather,Roberts,jonathanwilliams@hotmail.com,Finance,"67,202.90",6/4/2024,23
582,Tyler,Scott,qkennedy@stewart.net,IT,"77,705.90",4/28/2022,54
583,Allen,Fowler,kimberlyjones@johnson-alvarado.com,Operations,"42,055.40",5/20/2024,51
584,Diane,Grant,chavezrachel@bell-evans.info,Marketing,"81,973.00",11/21/2022,47
585,Patrick,Parks,joshualang@murray.info,Finance,"99,113.60",9/3/2024,22
586,Jessica,Brewer,rosaleslisa@gmail.com,Operations,"66,854.80",2/1/2024,48
587,Juan,Cunningham,frymichelle@gmail.com,HR,"46,501.30",8/14/2021,34
588,Kayla,Ferrell,susan39@yahoo.com,Finance,"55,658.80",10/14/2022,41
589,Lindsey,Meza,joneskeith@palmer-austin.com,IT,"54,482.40",5/22/2020,28
590,Robert,Garcia,chloeolson@walker-fox.com,Finance,"74,270.60",11/20/2023,44
591,Lauren,Massey,wujames@fritz-baker.com,Operations,"73,844.20",5/8/2023,57
592,Karen,Reyes,timothywright@yahoo.com,HR,"49,640.00",2/10/2022,28
593,Norma,Harris,philip44@wilson.net,IT,"76,404.90",11/12/2021,36
594,Michele,Estes,mckenziejohn@gmail.com,Marketing,"39,327.20",5/14/2021,47
595,Aaron,Ortiz,josehatfield@hotmail.com,IT,"82,902.50",8/3/2022,50
596,Tom,Price,walshlisa@adkins-cox.info,HR,"72,849.20",2/20/2021,54
597,Monica,West,stoutmolly@gmail.com,HR,"46,845.20",11/24/2024,36
598,Jenna,Rice,hancockfrank@hughes-hill.com,IT,"87,815.90",9/18/2022,58
599,Edward,Williams,benjamincopeland@gmail.com,Operations,"93,870.70",3/11/2024,28
600,Edward,Williams,alexanderphillip@dunn.com,Operations,"79,559.70",3/9/2021,32
601,Andrew,Mata,lphillips@yahoo.com,Marketing,"63,296.80",8/30/2023,38
602,Juan,Butler,joshua04@burgess-king.com,HR,"47,211.90",3/7/2020,42
603,David,Williams,hopkinsantonio@fritz-perez.com,Operations,"84,895.60",11/22/2020,27
604,Benjamin,Floyd,prestonsean@yahoo.com,IT,"62,232.00",12/14/2022,27
605,Jennifer,Sanchez,danielcooper@yahoo.com,Finance,"89,966.90",5/5/2023,49
606,Michael,Kennedy,charles12@glover-miller.com,IT,"50,105.40",10/11/2021,58
607,Ryan,Davidson,audreygross@yahoo.com,HR,"78,986.30",5/7/2022,38
608,Cassandra,Salinas,heather25@hotmail.com,HR,"44,327.20",6/22/2022,59
609,Tim,Carroll,patrick66@alvarez.com,Marketing,"53,296.30",2/14/2020,36
610,Kimberly,Williams,medinachad@diaz.com,IT,"52,193.80",4/9/2021,39
611,George,Long,goodwinsandra@diaz-shea.biz,Finance,"51,830.10",7/15/2021,37
612,Frances,Blair,esteswilliam@yahoo.com,Finance,"50,446.00",12/23/2021,50
613,Matthew,Bishop,tjones@hotmail.com,Operations,"64,506.70",11/11/2023,47
614,Mackenzie,Chen,brownjohn@lewis.net,IT,"78,728.90",12/21/2020,60
615,David,Ryan,ysmall@hotmail.com,Marketing,"42,375.00",1/12/2023,37
616,Steven,Ramirez,denise82@phillips.com,Operations,"81,840.60",2/26/2022,39
617,Benjamin,Peters,gonzalezrichard@glover-williams.com,Marketing,"47,999.50",10/2/2022,28
618,Michael,Davis,alicesherman@yahoo.com,Operations,"47,246.40",2/27/2021,30
619,Robin,Bailey,hammondtami@gmail.com,Finance,"62,279.10",11/28/2022,22
620,Thomas,Day,jpennington@hotmail.com,HR,"64,166.20",7/22/2021,52
621,Jennifer,Anderson,robertkim@gmail.com,Finance,"65,488.90",5/11/2023,42
622,Hunter,Burch,suzanne20@miller-neal.com,Operations,"59,321.20",3/18/2022,45
623,Andrew,Riley,nicolebowman@morrison-aguilar.org,IT,"44,245.70",7/29/2022,53
624,Colin,Ward,reginaldsingh@hotmail.com,HR,"81,914.10",1/6/2022,31
625,Thomas,Hamilton,reginald94@smith.info,HR,"38,995.70",9/23/2022,25
626,Cody,Watson,april21@yahoo.com,Marketing,"61,109.20",2/28/2020,36
627,Charles,Cook,corymatthews@gmail.com,IT,"64,615.20",6/16/2022,58
628,Megan,Knight,twelch@reyes.com,Operations,"68,093.40",4/17/2024,59
629,Kenneth,Chan,evansscott@yahoo.com,IT,"94,957.20",5/12/2023,54
630,Stephen,Hoffman,hmartin@lee-bean.com,Operations,"39,907.00",4/22/2023,48
631,Nicole,Howard,dunnstephen@hotmail.com,IT,"39,582.50",11/7/2021,41
632,April,Davis,smithcassandra@gmail.com,Marketing,"55,585.70",5/7/2023,34
633,Brian,Parker,riveraanthony@gmail.com,IT,"35,971.40",5/1/2022,59
634,Mary,Bennett,larry52@miller-williams.com,Operations,"52,426.80",10/31/2022,33
635,Martin,Day,davidfrost@gmail.com,Finance,"63,082.90",12/6/2022,45
636,Monica,Ballard,rowelogan@gmail.com,IT,"86,677.60",9/20/2022,29
637,Brandon,May,owolfe@andersen-lutz.net,Marketing,"82,492.70",7/10/2020,58
638,Valerie,Arnold,nelsoncameron@hotmail.com,Operations,"43,962.80",10/12/2020,22
639,Matthew,Mcdonald,lwebb@patel.com,IT,"97,416.20",9/2/2022,46
640,Wesley,Adams,caroline57@jordan.com,HR,"77,005.50",10/30/2021,47
641,Edward,Smith,awilliams@ortega-parker.com,Finance,"36,400.70",11/28/2020,48
642,Sean,Mcdaniel,mariahtaylor@yahoo.com,Operations,"58,413.00",8/27/2021,54
643,Robert,Thomas,kentdavid@fuentes.info,IT,"58,460.90",1/12/2020,46
644,Rachel,Butler,bautistajamie@gmail.com,Marketing,"87,780.70",2/9/2020,38
645,Lance,Rodriguez,mary14@baker-franklin.info,Marketing,"71,754.60",12/28/2019,54
646,Amanda,Crawford,prestoneric@yahoo.com,IT,"62,456.20",9/28/2024,59
647,Alexander,Simmons,rflores@yahoo.com,Marketing,"64,771.10",10/8/2022,29
648,Lindsay,Marsh,bfrench@hotmail.com,Finance,"85,599.00",1/4/2022,38
649,Nicholas,Mcdonald,meghanrocha@hotmail.com,IT,"45,980.60",5/24/2021,42
650,Hayley,Jones,camachobrianna@gmail.com,Marketing,"54,231.80",3/11/2021,26
651,Ryan,Lee,operkins@villanueva-hernandez.biz,HR,"31,073.80",9/2/2020,60
652,David,Moss,jbarnes@monroe.com,Operations,"64,774.40",12/12/2023,54
653,Ryan,Smith,matthew82@yahoo.com,Operations,"30,118.50",3/20/2022,25
654,Jeremy,Fox,jamiepierce@hotmail.com,Finance,"47,327.50",3/10/2021,60
655,Tiffany,Ward,sarah68@gmail.com,Marketing,"63,307.80",11/25/2023,57
656,Jillian,Perez,joanjordan@wilson.com,HR,"48,982.50",7/26/2022,51
657,Kristi,Ramirez,carrie54@yahoo.com,IT,"71,174.60",6/22/2020,26
658,Lisa,Odonnell,cassandrarojas@hotmail.com,Finance,"77,699.80",4/30/2020,48
659,Kim,Clark,gloverkatrina@gmail.com,HR,"90,037.50",4/19/2022,53
660,Anthony,Kirby,jamie15@cameron.com,IT,"58,580.60",7/22/2023,32
661,Brenda,Joseph,sarashelton@hotmail.com,IT,"98,506.20",2/12/2023,46
662,Darlene,Hill,clarkrachael@sparks.org,IT,"37,675.60",6/1/2020,24
663,Stacy,Smith,jameslivingston@wilson.com,IT,"64,429.40",4/13/2023,24
664,Christopher,Ware,kelly78@yahoo.com,HR,"94,529.00",4/19/2021,46
665,Juan,Norton,dbeck@hotmail.com,IT,"94,725.40",5/24/2022,51
666,Tracy,Brooks,gibsonkelly@hotmail.com,Finance,"81,753.80",3/13/2021,46
667,Donna,Thompson,candiceshah@hotmail.com,Operations,"95,875.90",8/7/2024,36
668,Amy,Lawrence,weavertabitha@baker.com,Marketing,"88,468.60",6/20/2022,48
669,Daniel,Griffin,joseph71@hotmail.com,HR,"91,732.50",1/20/2023,25
670,Stacy,Schmidt,fgraham@wilson.com,Marketing,"98,117.30",1/13/2023,48
671,Bradley,Hart,teresabrown@gmail.com,Operations,"87,771.00",7/5/2024,55
672,Joseph,Stanley,joshuacarpenter@thompson-morrow.com,Operations,"44,484.90",11/24/2020,28
673,Jonathan,Fernandez,walkerjames@wise.net,Operations,"68,122.50",2/2/2020,36
674,Victoria,Mosley,hhogan@gmail.com,IT,"92,988.20",4/14/2024,29
675,Kelly,Carson,casedouglas@yahoo.com,Operations,"44,725.50",7/29/2020,32
676,Matthew,Kelly,ramirezjames@stanley.org,Marketing,"83,457.30",5/24/2024,32
677,Cory,Richard,steve99@hotmail.com,HR,"36,959.50",5/12/2023,45
678,Dennis,Scott,suzanne36@hotmail.com,Operations,"38,572.50",7/3/2020,33
679,Brandon,Higgins,timothyaguirre@hotmail.com,HR,"84,931.60",9/16/2021,28
680,Julie,Rivers,dnelson@franklin.info,Marketing,"93,011.50",7/29/2021,52
681,Javier,Ingram,xsnow@owens.info,HR,"76,310.60",8/1/2022,28
682,Mary,Rivera,maddoxjohn@mccoy.com,Marketing,"78,199.30",5/12/2022,58
683,Aaron,Vega,leesheena@gmail.com,Marketing,"60,504.10",11/22/2020,51
684,Nicole,Bates,amberwaller@yang.com,Marketing,"87,419.10",10/12/2021,28
685,Daniel,Cooper,brittney03@hotmail.com,Marketing,"37,404.30",6/9/2023,35
686,Kelli,Jenkins,wwilliams@yahoo.com,Operations,"75,346.50",5/28/2024,32
687,Laurie,Martinez,mhobbs@gmail.com,Marketing,"73,302.50",8/24/2020,37
688,Dawn,Cooke,abaker@ramirez.com,Finance,"87,856.50",11/18/2021,27
689,Judy,Bolton,debra95@hotmail.com,Operations,"56,434.80",8/21/2023,53
690,Daniel,Ramos,boydrenee@cisneros.info,Marketing,"78,834.50",3/27/2021,22
691,Corey,Barton,ryantorres@richards.biz,IT,"99,969.60",7/17/2022,52
692,Olivia,Johnson,fmorgan@hotmail.com,Operations,"39,895.60",3/4/2022,39
693,Jeffrey,Morgan,woodsabigail@jordan.com,IT,"43,345.10",5/25/2020,34
694,Kimberly,Myers,santiagojennifer@hotmail.com,Marketing,"38,732.10",11/25/2023,24
695,April,Matthews,natasha24@hotmail.com,Marketing,"56,676.20",7/24/2020,28
696,Kevin,Bishop,swhite@gmail.com,HR,"52,851.60",12/12/2023,54
697,Roberta,Cooper,brittany25@rodriguez-williams.com,Marketing,"40,646.00",11/16/2024,45
698,Eric,Cunningham,christopherbyrd@hotmail.com,IT,"79,158.30",10/31/2024,47
699,Joshua,Salas,derekgardner@hotmail.com,HR,"80,795.20",10/22/2021,31
700,Jeffrey,Lewis,johnsonjesse@yahoo.com,HR,"84,782.50",6/29/2023,52
701,Angela,Murphy,schroederandrew@hotmail.com,Marketing,"69,066.00",11/25/2021,27
702,Daniel,Oconnor,garciamichelle@hotmail.com,IT,"75,259.20",8/15/2020,44
703,Connor,Lucas,mhebert@gmail.com,Finance,"73,622.50",1/7/2024,53
704,Tyler,Thompson,wwhite@hotmail.com,IT,"94,686.40",9/21/2023,32
705,Joyce,Odom,gentrymelissa@diaz-jenkins.com,Finance,"85,967.60",4/24/2024,24
706,Pamela,Smith,tcarrillo@wright.com,HR,"79,761.40",2/13/2023,49
707,Brian,Swanson,regina20@hotmail.com,Finance,"63,079.00",1/31/2023,38
708,John,Bennett,stephanie49@jackson-cook.com,HR,"81,386.60",3/13/2024,33
709,Eric,Bennett,benjamin11@brown.com,IT,"87,258.90",7/5/2020,31
710,Andre,Miller,anna18@gmail.com,Operations,"58,595.70",9/7/2020,27
711,Adam,Ramsey,hernandezbarbara@yahoo.com,Marketing,"55,092.30",9/15/2021,51
712,Abigail,Garrett,jason08@hotmail.com,Marketing,"59,596.20",5/18/2022,39
713,Ana,Shields,fhood@moyer.com,Finance,"41,767.10",10/21/2020,42
714,Jonathan,Lowe,belljames@peters.com,Marketing,"88,143.00",1/20/2020,25
715,Morgan,Wilson,christopherpaul@yahoo.com,HR,"54,129.50",1/19/2022,34
716,Jesus,Luna,huangjessica@hotmail.com,Operations,"61,862.80",8/14/2023,51
717,Timothy,Trujillo,asmith@wilson.com,IT,"89,841.60",12/24/2023,46
718,Daniel,Sharp,jesselopez@jones.com,Operations,"69,636.30",4/25/2021,59
719,Melinda,Davidson,garmstrong@gmail.com,IT,"82,194.60",11/27/2022,37
720,Paul,Petty,tbaker@blair.com,Finance,"79,137.80",10/15/2024,53
721,Christopher,Brown,beckerparker@gmail.com,IT,"92,549.10",11/11/2023,39
722,Brian,Ramirez,cartercarla@gonzalez.com,HR,"32,398.60",4/15/2024,26
723,Kathryn,Thomas,john26@gmail.com,Finance,"60,260.60",5/12/2022,37
724,Amy,Mcgee,katherine25@bryan.info,Finance,"59,059.40",5/3/2021,29
725,Shannon,Goodman,mevans@lopez-zamora.org,IT,"84,410.50",12/24/2022,29
726,Angela,Mckinney,hammondmichael@yahoo.com,Finance,"52,970.90",4/14/2023,38
727,Connie,Luna,shawncooper@ritter.biz,HR,"64,556.00",8/24/2024,24
728,Arthur,Lopez,patrick40@yahoo.com,IT,"63,982.20",11/25/2023,52
729,Susan,Sherman,christopherwebster@massey-hines.com,HR,"71,296.00",8/29/2023,47
730,Mark,Davis,bakersierra@atkins-williams.com,Operations,"64,203.00",4/23/2024,46
731,Derrick,Rodriguez,shunt@ross.com,HR,"45,737.40",11/16/2024,55
732,Carl,Smith,johnsonchad@cortez-simon.com,IT,"44,229.10",11/1/2021,60
733,Meredith,Nelson,areed@gmail.com,Finance,"38,683.00",11/11/2024,41
734,Kevin,Noble,daniel08@wilson.com,Operations,"73,611.60",12/7/2020,31
735,Adrian,Schmidt,timothyclayton@yahoo.com,HR,"60,648.00",1/18/2022,38
736,Linda,Knox,garciaangela@gmail.com,HR,"38,242.00",11/13/2023,31
737,Craig,Kaufman,stokesmeredith@yahoo.com,Finance,"36,781.40",4/29/2023,57
738,Michele,Doyle,jessica78@yahoo.com,IT,"70,852.10",10/30/2023,31
739,Julie,Burke,leslie70@holden-delacruz.com,IT,"92,467.80",11/6/2022,35
740,Randall,Garcia,agiles@hotmail.com,HR,"67,728.40",4/19/2023,34
741,Nathan,Hess,harristracy@gmail.com,Operations,"56,926.80",7/14/2022,57
742,Patricia,Kirk,elizabethmcdonald@yahoo.com,IT,"40,540.00",12/29/2019,43
743,Luke,Lawrence,victoria28@gmail.com,IT,"41,702.70",7/27/2022,49
744,Brian,Mcclure,weekshannah@hart-murphy.com,IT,"76,542.00",12/5/2020,50
745,Carrie,Brooks,caitlinharris@finley.com,Operations,"39,718.60",2/7/2024,28
746,Brittany,Warren,lindsey57@gray.info,IT,"95,509.40",12/7/2022,54
747,Chase,Harris,smithmartin@johnson-stein.com,HR,"38,838.30",10/27/2022,42
748,Laura,Baker,jacqueline94@gmail.com,Marketing,"62,128.40",11/16/2021,27
749,Travis,Williams,orobinson@yahoo.com,IT,"37,122.90",9/13/2023,50
750,Elizabeth,Perry,jacob14@winters.com,IT,"64,384.60",7/11/2024,36
751,Christopher,Rodriguez,beckwesley@bennett-brown.com,Finance,"83,571.50",5/10/2022,39
752,Jon,Rogers,moorewilliam@hotmail.com,Operations,"63,194.00",7/2/2020,50
753,Lisa,Garcia,traceychavez@wilson.net,HR,"83,345.20",2/9/2021,41
754,Daniel,Parks,martinezmonica@yahoo.com,HR,"44,927.10",5/17/2020,57
755,Rose,Curtis,victor77@yahoo.com,Marketing,"66,135.40",12/16/2022,40
756,Jacob,Lopez,ricejoseph@gmail.com,Finance,"39,413.90",4/3/2020,23
757,Jimmy,Gibson,mcphersontimothy@gmail.com,Operations,"90,850.70",3/27/2024,42
758,Susan,Williams,jennacalderon@carpenter-smith.info,Marketing,"48,365.80",2/9/2022,28
759,Daniel,Myers,baldwinmichael@maxwell-cain.com,Operations,"40,077.30",4/14/2024,57
760,Laura,Lopez,lindacooper@arroyo.com,Marketing,"63,664.90",12/20/2019,38
761,Danny,Lin,nicholscarol@garrett-harrell.com,Operations,"73,773.50",9/17/2022,54
762,Daniel,Bailey,waltonjoseph@gmail.com,Marketing,"86,601.10",10/27/2024,36
763,Christopher,Clarke,michellerodriguez@hotmail.com,Operations,"96,631.50",5/17/2024,48
764,Emily,Mueller,xjones@gomez-blevins.com,Finance,"31,557.60",10/31/2024,26
765,Nathan,Fitzgerald,tracygarrett@campbell.biz,Operations,"82,885.90",7/26/2021,46
766,Jesse,Snyder,hallison@wright.org,Finance,"76,959.50",1/14/2021,29
767,Karen,Garcia,parkerjessica@yahoo.com,Marketing,"54,060.60",7/20/2024,29
768,Edward,Flores,melissa91@gmail.com,IT,"76,601.10",7/24/2022,43
769,Michelle,Singh,jill63@hotmail.com,IT,"78,684.00",2/20/2022,38
770,Michael,Goodwin,amanda04@hotmail.com,Marketing,"80,961.50",4/10/2023,58
771,Adam,Horton,oschmidt@hotmail.com,IT,"72,441.80",4/5/2022,22
772,Charles,Bass,franklinvanessa@stanley-caldwell.info,Finance,"81,964.00",11/4/2022,25
773,Ricardo,Young,william53@bell.com,HR,"92,354.50",9/18/2020,34
774,Sharon,Cummings,alarsen@yahoo.com,HR,"65,472.40",4/3/2024,44
775,Jennifer,Davenport,monica71@king.org,HR,"72,728.60",11/6/2021,44
776,David,Carroll,krauseaaron@graham.org,Finance,"64,242.40",5/30/2024,43
777,Lisa,Thompson,smithshannon@yahoo.com,Marketing,"35,621.70",9/15/2022,26
778,Kristin,Ramirez,owilson@lewis.com,HR,"39,972.30",2/14/2022,54
779,Kimberly,Myers,oburnett@kim-romero.com,Operations,"57,472.60",2/11/2020,30
780,Dan,Thompson,matthew00@white.biz,Operations,"64,379.00",5/8/2024,37
781,William,Miller,holly18@gmail.com,HR,"58,016.80",3/13/2023,23
782,Antonio,Schultz,allenmarie@crosby.info,Marketing,"95,804.20",2/28/2022,32
783,Blake,Blankenship,jhernandez@steele-clark.com,Marketing,"93,881.70",7/4/2021,29
784,Bridget,Golden,conleyjackson@hotmail.com,Marketing,"53,690.90",7/1/2021,28
785,Jeffrey,Willis,sandra83@gmail.com,HR,"96,006.20",7/18/2020,22
786,Patricia,Boyd,allenkara@berg-harper.com,Operations,"36,452.00",9/20/2024,58
787,James,Farley,jeffrey50@hotmail.com,Finance,"58,887.70",1/29/2023,51
788,Peggy,Martin,wmaldonado@shaw-simmons.com,IT,"51,377.80",9/12/2021,33
789,Alexander,Rose,jonathan80@hotmail.com,IT,"87,962.00",10/3/2020,50
790,Jade,Wilson,cohenkatherine@johnson.net,IT,"87,170.20",7/16/2020,47
791,Justin,Hamilton,jonathanvalentine@johnson.com,Finance,"53,375.30",4/18/2020,28
792,Amanda,Ramirez,daviskimberly@nguyen.com,HR,"90,385.40",1/13/2022,48
793,Laura,Cunningham,jeffreycain@hotmail.com,Operations,"76,845.10",3/26/2022,42
794,Brittany,Wong,tyler36@yahoo.com,Operations,"48,036.70",5/2/2023,56
795,Mason,Rodriguez,devin31@yahoo.com,Marketing,"83,383.10",2/10/2021,40
796,Jonathan,Ross,david77@simon.com,IT,"69,020.70",7/8/2024,27
797,Scott,Nelson,klynch@gmail.com,HR,"94,982.40",8/14/2020,41
798,Melissa,Townsend,wpalmer@yahoo.com,IT,"99,618.30",7/21/2022,51
799,Tammy,Kirby,hillamber@riggs.com,IT,"85,980.80",9/9/2020,51
800,Micheal,Diaz,kristinreyes@lara.com,Finance,"58,079.40",11/9/2021,51
801,David,Herring,mario95@avila.info,Finance,"86,153.10",9/27/2021,53
802,Jean,Henderson,perezgarrett@gmail.com,Finance,"96,934.20",6/7/2023,26
803,Joseph,Tate,sosborne@chase.com,Finance,"39,392.10",8/19/2022,52
804,George,Jimenez,georgejoseph@robinson.com,Finance,"71,891.20",9/9/2021,39
805,Charles,Lang,liucraig@spears.com,HR,"53,047.80",1/29/2022,31
806,Lindsey,Payne,frodriguez@perez.com,Operations,"63,803.60",8/6/2023,48
807,Mary,Leon,jameshunter@mendoza.org,HR,"57,259.70",4/22/2023,28
808,John,Austin,ynelson@yahoo.com,Finance,"30,228.70",8/24/2024,39
809,David,Vasquez,thorntonthomas@yahoo.com,HR,"46,619.90",2/18/2022,40
810,Jose,Sanchez,zcunningham@yahoo.com,HR,"41,287.10",2/18/2024,50
811,Austin,Cook,maryponce@gmail.com,Marketing,"72,695.70",1/31/2021,33
812,Sheri,Harris,rayturner@moore.com,Marketing,"56,796.60",3/17/2022,39
813,Jennifer,Barajas,michelle49@gmail.com,Finance,"38,449.10",2/29/2024,27
814,Courtney,Holden,davidbarr@riley-hansen.org,Marketing,"45,974.60",8/25/2021,58
815,James,Hernandez,staceymccormick@hotmail.com,HR,"42,210.50",10/12/2021,48
816,Jennifer,Ward,hortonpeter@yahoo.com,IT,"81,092.00",3/3/2024,48
817,Brittney,West,lisaparker@gmail.com,IT,"67,267.10",4/7/2021,44
818,Carrie,Ward,kenneth65@baker.info,Marketing,"65,427.90",6/9/2023,31
819,Regina,Peck,melissa39@gmail.com,Finance,"65,062.80",6/15/2022,47
820,Andrea,Graham,christinaelliott@hotmail.com,Operations,"59,984.70",9/26/2024,50
821,Dana,Perkins,robert09@park.com,Operations,"64,676.60",7/27/2021,24
822,Richard,Horn,garciascott@obrien.com,HR,"89,155.80",6/4/2021,40
823,Andres,Banks,kevinward@lee.net,IT,"41,122.20",3/7/2020,59
824,Bobby,Silva,amandaparks@hotmail.com,Finance,"61,326.20",1/12/2023,37
825,William,George,krystalreynolds@gmail.com,Operations,"45,158.50",2/28/2022,29
826,Jessica,Smith,elliottmichael@baker-velez.biz,Operations,"36,320.60",12/14/2023,46
827,Nicholas,Perez,dominguezedwin@gmail.com,Marketing,"82,514.20",1/23/2022,28
828,Sharon,Murphy,lindsey44@yahoo.com,Finance,"46,047.70",4/25/2024,38
829,Anthony,Klein,hopkinsspencer@gmail.com,IT,"53,638.70",12/19/2020,54
830,Robert,Diaz,paulaperez@hotmail.com,HR,"67,344.30",1/26/2020,56
831,Lawrence,Hill,watkinsbrad@mcdonald.com,Marketing,"89,625.60",6/27/2024,22
832,Melissa,Walker,alexander84@hotmail.com,HR,"31,631.30",3/11/2021,22
833,William,Carr,vasquezphilip@yahoo.com,Finance,"33,178.60",1/1/2022,26
834,Tyler,Dixon,eric52@gmail.com,Finance,"69,899.10",6/8/2021,40
835,Gregory,Stevens,rocharegina@gmail.com,IT,"58,465.40",11/13/2023,41
836,Mario,Craig,petersonalexander@johnson.net,Finance,"87,099.30",4/18/2020,43
837,Laura,Smith,joshua39@hotmail.com,IT,"38,754.90",5/19/2021,31
838,Robin,Morgan,joseph26@yahoo.com,HR,"72,009.90",11/20/2024,57
839,Kim,Davis,ashleygeorge@gmail.com,Finance,"56,156.60",3/7/2024,41
840,Jenna,Jackson,nlopez@gmail.com,Marketing,"53,038.60",5/19/2023,54
841,Taylor,Smith,ealvarado@gmail.com,Marketing,"78,555.40",9/21/2023,41
842,Kaylee,Lewis,timothyedwards@hotmail.com,Finance,"73,148.00",2/22/2024,39
843,Austin,Hall,wchristensen@james.com,HR,"45,702.70",6/3/2022,27
844,James,Bush,mward@prince-cruz.biz,HR,"65,927.70",12/27/2020,24
845,Justin,Reynolds,bking@hotmail.com,Finance,"41,118.30",12/11/2020,55
846,Jill,Jones,erin59@hotmail.com,HR,"80,168.40",8/15/2021,59
847,Michelle,Jenkins,thomas23@powers-stewart.net,Marketing,"70,584.70",6/30/2022,53
848,Nicholas,Kelley,ocrawford@allen-campbell.info,Finance,"74,110.00",2/4/2020,54
849,Barbara,Morgan,bhernandez@gray.org,Operations,"96,435.20",3/23/2023,57
850,Jeffrey,Ellison,mtorres@robinson.com,Marketing,"85,272.90",3/8/2022,25
851,Jennifer,Pope,danieldecker@ferguson-young.com,Finance,"33,955.50",6/8/2023,43
852,Patrick,Martin,smithdavid@dixon.info,IT,"84,448.50",7/28/2020,42
853,Hunter,Brooks,kcollins@gmail.com,Marketing,"31,323.10",7/15/2024,38
854,Brian,Smith,amy58@hotmail.com,Marketing,"80,679.50",12/5/2022,31
855,Stephanie,Hickman,carlasanchez@gmail.com,IT,"52,316.80",3/20/2020,23
856,Richard,Welch,vhooper@alexander-daniels.net,HR,"48,895.60",9/29/2020,59
857,Richard,Williams,jennystevens@hotmail.com,IT,"97,692.40",9/28/2023,29
858,Heather,Ortiz,mshah@gmail.com,Operations,"60,848.70",1/16/2020,22
859,Cassandra,Johnson,laurielin@torres.com,Finance,"87,413.50",11/30/2023,47
860,Jeffrey,Hunt,jacqueline64@wright.org,Operations,"44,886.00",12/27/2022,55
861,Lauren,Hall,kevin98@young.com,IT,"38,230.30",12/12/2020,35
862,Renee,Neal,mary64@gmail.com,IT,"59,280.90",1/28/2021,48
863,Christopher,Mcdonald,nkelley@gay-herrera.info,HR,"36,486.50",2/24/2023,53
864,Anthony,Howard,fernandezbrittany@smith.info,Operations,"41,560.70",5/10/2022,34
865,Danielle,Ritter,lodom@lewis-parks.com,HR,"73,506.40",12/6/2021,36
866,John,Griffith,collinsamanda@miranda.com,HR,"40,103.40",9/6/2024,57
867,Robert,Scott,brittany24@hotmail.com,IT,"50,483.20",9/7/2024,24
868,Richard,Garcia,hvega@cohen.com,HR,"33,263.90",9/5/2020,42
869,Edward,Adams,anthony42@hotmail.com,HR,"61,869.90",5/20/2023,37
870,Victoria,Brown,xmayer@craig-sawyer.biz,Finance,"93,150.30",12/17/2023,57
871,Makayla,Duncan,jlester@hotmail.com,HR,"83,637.40",10/6/2024,47
872,Shawn,Mccall,robertmitchell@miller-smith.org,Marketing,"31,612.20",3/15/2023,38
873,Anne,Andrade,dmorales@farmer.net,Marketing,"59,539.30",4/8/2024,38
874,Bradley,Randall,vdyer@franklin.biz,IT,"37,186.40",9/2/2020,48
875,Jessica,Parsons,lopezwalter@gmail.com,Marketing,"97,111.30",8/28/2021,59
876,Elizabeth,Moore,rmason@schultz.com,HR,"83,301.80",1/27/2020,24
877,Bobby,Wright,wrightmaria@rich.com,HR,"38,653.20",2/11/2022,30
878,Kimberly,Anderson,smithmichelle@roberts-wilson.com,Finance,"61,449.10",5/30/2024,40
879,Matthew,Perez,patricia53@lopez.info,Marketing,"62,012.80",12/27/2020,41
880,Robert,Hernandez,melissacarter@thomas.com,HR,"36,200.20",4/11/2023,25
881,Caleb,Coleman,btaylor@gmail.com,HR,"67,917.70",7/25/2022,39
882,Jennifer,Dawson,robert73@foster.com,Marketing,"52,692.50",8/21/2020,46
883,Karen,Freeman,fgarcia@hotmail.com,Marketing,"67,350.50",8/1/2023,27
884,Erica,Johnson,nmoran@salinas.com,Finance,"40,659.90",5/14/2023,29
885,Sharon,Allen,harrischarles@gmail.com,IT,"94,187.10",6/9/2020,55
886,Martha,Boone,larsonsharon@gmail.com,Marketing,"95,270.80",7/29/2023,24
887,Holly,Brown,williamsjoshua@rosario.info,HR,"36,542.10",3/2/2023,28
888,Jason,Jackson,nallen@hotmail.com,Finance,"43,270.30",8/14/2020,36
889,Darryl,Perez,danielruiz@yahoo.com,Marketing,"53,632.60",10/28/2024,37
890,Alexandria,Ward,ebrown@yahoo.com,Marketing,"85,773.90",3/1/2020,42
891,Melanie,Mcdonald,martinsmith@delgado-campbell.info,Finance,"68,448.60",2/11/2024,58
892,Jackie,Brown,rbailey@yahoo.com,Operations,"97,362.50",5/14/2021,38
893,Diane,Collins,stevenallen@weaver-haley.net,Operations,"62,058.90",6/5/2020,30
894,Aaron,Franklin,xnavarro@hotmail.com,IT,"93,687.20",1/14/2020,45
895,Julia,Williams,copelanddarrell@rice.com,Marketing,"51,382.10",1/3/2023,39
896,Victoria,Harris,jasmine26@gmail.com,Finance,"42,756.20",3/12/2024,60
897,Meghan,Ponce,leahnguyen@gmail.com,Marketing,"92,191.80",3/16/2024,49
898,Michelle,Jones,gary64@hotmail.com,Operations,"91,463.40",9/25/2021,22
899,Anthony,Wilson,spruitt@hotmail.com,Marketing,"32,848.50",5/7/2021,33
900,Christina,Christensen,oneillallison@simon.com,Finance,"88,365.70",2/29/2024,23
901,Carl,Saunders,kennethjohnson@morrow.com,IT,"92,189.80",8/7/2024,44
902,Randy,Price,christopher11@hall.biz,Finance,"74,474.60",4/25/2020,25
903,Daniel,Harris,vanessa65@gmail.com,Operations,"50,721.20",11/19/2020,35
904,Dylan,Gutierrez,annchurch@gmail.com,IT,"54,211.30",12/29/2022,58
905,Nancy,Maldonado,traciharper@welch.com,Marketing,"45,823.60",4/16/2020,57
906,Sara,Oliver,nicoleelliott@gmail.com,Finance,"49,770.00",9/20/2020,43
907,Jeremy,Garcia,omar27@gmail.com,HR,"83,593.70",10/2/2023,30
908,Tanya,Greer,robinsonderrick@hotmail.com,IT,"82,754.10",2/16/2021,52
909,Linda,Brown,tamaralewis@yahoo.com,Finance,"62,923.30",11/22/2022,32
910,Amber,Cain,smithmichael@haynes.biz,Operations,"32,102.30",1/27/2023,31
911,Matthew,Peterson,bwilliams@gmail.com,Marketing,"58,309.20",10/22/2021,33
912,Joseph,Wilson,troberts@howard.com,IT,"76,498.70",1/20/2021,28
913,Amy,Espinoza,wilsonjames@peck.biz,Marketing,"51,103.90",9/11/2023,57
914,Sarah,Gonzalez,julieolson@morgan.biz,HR,"88,251.40",10/26/2022,34
915,Jason,Sherman,rachel24@yahoo.com,Marketing,"34,222.60",10/10/2023,43
916,Alexander,Holmes,callahanjay@king.net,IT,"69,887.60",3/25/2024,28
917,Cathy,Kelley,adrian36@gmail.com,Marketing,"38,872.00",7/31/2022,57
918,Jason,Snyder,boothmeredith@beck.com,Operations,"97,239.70",3/7/2022,56
919,Brian,Wallace,thester@cooley.org,Finance,"88,396.50",7/14/2021,38
920,Angel,Zavala,wparks@garcia.com,Finance,"55,551.60",2/2/2023,27
921,Morgan,Johnson,morgan00@hotmail.com,Finance,"62,547.80",7/1/2021,35
922,Elizabeth,Hughes,laurasullivan@stein.net,IT,"33,568.80",3/28/2020,59
923,Katelyn,Gray,jgonzalez@hotmail.com,Marketing,"50,772.60",10/31/2023,50
924,James,Wilson,robinsonluis@mccormick.net,Marketing,"91,535.30",6/28/2023,57
925,Alicia,Thomas,clifford19@sweeney.net,Marketing,"93,462.30",11/29/2022,48
926,Nathan,Williams,dsmith@matthews.com,Marketing,"52,445.10",2/22/2021,60
927,Tommy,Bernard,qgonzalez@gmail.com,Operations,"58,384.60",9/5/2021,57
928,Kaitlyn,Clarke,donna98@skinner-harris.biz,Finance,"72,249.10",11/9/2021,24
929,Rachel,Becker,samantharussell@yahoo.com,IT,"35,834.50",6/4/2021,44
930,David,Jimenez,marknguyen@holmes.biz,Finance,"66,467.10",3/29/2020,36
931,Tiffany,Spence,morrisonlisa@hotmail.com,Operations,"76,371.90",5/15/2021,39
932,Glen,Barron,grobbins@yahoo.com,Operations,"43,998.00",6/1/2021,38
933,Roberto,Jones,vlarsen@hotmail.com,Finance,"66,070.30",3/5/2022,49
934,Joseph,Merritt,asmith@obrien-rowland.com,Marketing,"82,668.30",4/10/2021,35
935,Nicholas,Chavez,richardsfrances@turner.com,Marketing,"49,851.10",9/8/2021,44
936,Dean,Gonzalez,teresamayer@strickland.org,IT,"30,406.70",12/22/2019,25
937,Kylie,Cummings,myerszachary@long.com,HR,"32,406.30",7/29/2020,52
938,Matthew,Daugherty,ginawashington@yahoo.com,Operations,"35,081.40",3/1/2020,36
939,Jeremy,Kirby,wisemichael@oneal.com,Operations,"32,632.10",7/13/2024,54
940,Patricia,Ferguson,jroach@powers-robinson.com,Finance,"60,963.90",6/28/2020,33
941,Michelle,Bartlett,vfloyd@sherman-camacho.info,Finance,"90,761.50",9/8/2024,54
942,Rose,Jones,april67@gmail.com,Operations,"64,451.70",11/26/2024,36
943,Jennifer,Stein,daniel52@yahoo.com,IT,"76,122.80",3/11/2022,39
944,David,Hines,uhaynes@yahoo.com,Operations,"35,092.00",10/14/2024,56
945,Sarah,Chapman,shannon59@yahoo.com,IT,"38,301.30",3/2/2020,25
946,Jamie,Williams,timothy19@hotmail.com,IT,"85,240.20",4/24/2020,28
947,Kathleen,Martinez,fieldstrevor@gmail.com,Operations,"71,643.60",10/5/2022,48
948,John,Ward,lindacross@hines-peterson.com,Marketing,"32,104.20",9/12/2024,47
949,Matthew,Lewis,danielkrause@yahoo.com,IT,"59,412.30",2/11/2020,35
950,Jacob,Reed,briannaheath@lewis.com,Finance,"75,920.10",5/10/2020,33
951,Lindsay,Jones,laurenlove@gmail.com,Operations,"44,721.80",8/1/2021,44
952,Shari,Morgan,orodriguez@miller-long.com,Finance,"31,036.30",5/28/2022,30
953,Christopher,Roberts,nicholasvasquez@yahoo.com,IT,"85,941.10",4/23/2023,39
954,Carmen,Webb,ruizyvonne@hotmail.com,Finance,"69,940.10",9/8/2024,46
955,Jonathan,Brewer,thomasdanielle@tucker.com,IT,"53,942.50",6/4/2021,40
956,Michelle,Martin,whitakercarmen@yahoo.com,Operations,"92,597.00",7/16/2021,60
957,Eric,Perez,kberry@hotmail.com,Operations,"90,045.20",11/15/2024,43
958,Laura,Bass,leon95@osborne.biz,HR,"37,031.70",4/29/2020,47
959,Alexandria,Foster,hking@gmail.com,HR,"49,420.80",12/16/2021,55
960,Jason,Noble,terrigarrett@meyers.com,Operations,"54,151.80",10/24/2022,29
961,Stephen,Frey,brian14@hotmail.com,Finance,"57,261.60",7/7/2023,32
962,Erica,Bautista,jason22@williams-baker.com,Finance,"72,656.90",1/14/2021,28
963,Roberto,Gutierrez,kennethbrown@williams.com,Finance,"56,078.10",9/26/2024,43
964,Carla,Barker,jbutler@hotmail.com,HR,"76,766.10",10/20/2020,45
965,Heather,Baldwin,johnsonalexis@wright.com,Finance,"57,149.00",1/3/2024,44
966,Jeffrey,Flores,wendypatel@quinn.biz,Finance,"80,654.50",3/24/2024,45
967,Adam,Bradshaw,jamie22@gmail.com,HR,"71,955.50",5/13/2024,24
968,Sharon,Mejia,jacksonerin@gmail.com,HR,"96,890.70",8/11/2020,47
969,Mary,Santos,stevenreid@peters.com,Marketing,"77,416.10",7/26/2023,33
970,Travis,Richardson,kwilliams@hotmail.com,Finance,"41,761.10",10/22/2023,52
971,Kimberly,Hill,bonnie18@hotmail.com,Finance,"38,040.80",11/10/2020,55
972,Brian,Fields,traciehudson@thompson.org,Marketing,"95,908.20",6/10/2023,33
973,Jenna,Reeves,sarah87@yahoo.com,Finance,"82,632.40",10/31/2021,42
974,Angela,Higgins,jacobbrown@cochran.com,Operations,"45,452.50",8/9/2020,23
975,Anna,Rogers,ovargas@acosta.info,IT,"98,904.00",4/3/2021,58
976,Adam,Rush,cmccullough@cunningham.info,Finance,"70,638.70",6/26/2023,47
977,Courtney,Andersen,jason17@lee-brown.net,Operations,"30,133.70",10/29/2023,33
978,Brenda,Joyce,brooke61@lawson.com,IT,"41,966.80",11/14/2020,42
979,James,Brown,lcox@hotmail.com,Finance,"31,054.60",5/13/2020,25
980,Jason,Bailey,troy02@yahoo.com,IT,"93,593.50",11/7/2021,53
981,Timothy,English,tyler15@nichols.org,Marketing,"66,114.70",7/30/2020,27
982,Adam,Lowe,blopez@carpenter.com,IT,"93,174.10",9/21/2024,27
983,Rebecca,Crosby,allennoah@gmail.com,Finance,"52,424.10",11/16/2023,38
984,Charles,Morris,dorothylee@anderson.info,Finance,"66,316.10",4/11/2024,38
985,Daniel,Kelley,iespinoza@hotmail.com,Finance,"76,269.40",11/19/2023,22
986,Alex,Johnston,anita53@hotmail.com,Finance,"78,005.00",3/12/2023,60
987,Michelle,Koch,nwelch@yahoo.com,Operations,"57,775.60",1/4/2023,33
988,Mason,Tran,mileschelsey@gmail.com,Finance,"73,823.70",10/13/2022,46
989,Benjamin,Martinez,robersonmason@thomas-ramos.com,Operations,"45,594.90",8/11/2022,35
990,Frank,Miller,jennifer07@manning.com,IT,"73,566.70",11/19/2020,51
991,Dillon,Maldonado,jamesjeanette@gmail.com,IT,"31,881.60",7/17/2020,56
992,Angela,Jones,gutierrezerin@gmail.com,HR,"31,208.00",6/1/2021,38
993,Richard,Bright,kimdebbie@hotmail.com,HR,"39,884.20",7/7/2021,36
994,Daniel,White,michaelmorgan@rodriguez.org,Finance,"34,859.90",11/16/2020,39
995,Mary,Wagner,christine82@gmail.com,Marketing,"35,956.00",12/15/2023,45
996,Brandi,Cowan,qsimmons@gmail.com,Finance,"97,102.50",11/7/2024,41
997,Michael,Gray,curtisruben@gmail.com,IT,"40,509.70",3/11/2023,37
998,Cassandra,Rodriguez,brittneytran@dunlap.info,Finance,"72,886.00",7/25/2024,32
999,April,Howard,crystalcohen@smith.com,Operations,"32,177.60",4/6/2022,29
1000,Benjamin,Palmer,darylsnyder@williams.com,IT,"87,670.80",4/3/2020,38
