employee_id,first_name,last_name,department,salary,joining_date,age
1,Joshua,Ramos,Operations,65313.8,5/23/2024,42
2,Christina,Clark,IT,58827.32,10/2/2021,46
3,Jonathon,Sullivan,Operations,57427.31,4/30/2020,50
4,Clinton,Aguirre,HR,45352.74,4/4/2021,55
5,Veronica,Weber,Operations,78772.56,10/6/2020,51
6,Louis,Rivera,Finance,30448.72,5/5/2020,41
7,Sabrina,Gonzalez,Marketing,88476.72,10/15/2020,48
8,Jillian,Lewis,Marketing,49895.55,6/8/2021,33
9,Caroline,Kennedy,Finance,88878.64,7/17/2024,47
10,Adam,Sanchez,HR,88331.24,3/23/2020,38
11,Sara,Miller,Marketing,68588.45,7/21/2020,26
12,Hannah,Carrillo,Operations,82047.41,5/13/2024,59
13,Elizabeth,Johnson,IT,83585.45,12/11/2023,27
14,Victor,Lamb,Finance,55038.09,10/29/2024,56
15,Tammy,Collins,HR,39382.83,3/12/2021,52
16,Miranda,Mcmahon,Operations,41564.15,4/20/2021,37
17,Carla,Melton,Finance,41986.9,11/8/2024,28
18,Robert,Sullivan,Finance,72896.95,6/9/2024,46
19,Jessica,Williams,Operations,98452.12,7/2/2020,28
20,Kristina,Rivera,IT,85703.19,12/18/2022,59
21,Jason,Harding,Finance,54100.54,8/31/2022,47
22,Karen,Brown,Marketing,78103.24,2/7/2020,41
23,David,Webster,Marketing,35390.49,6/21/2022,54
24,Margaret,Barry,Marketing,58500.34,11/17/2024,53
25,Monica,Olson,IT,75404.05,1/2/2021,24
26,Eduardo,Smith,IT,96756.21,3/31/2021,42
27,Carrie,Olson,Marketing,72155.31,5/31/2021,23
28,Bradley,Flowers,HR,71647.02,1/20/2021,23
29,Derek,Dunlap,Finance,87172.65,5/4/2020,48
30,Christopher,Wilson,HR,85120.78,4/6/2021,28
31,Kristina,Banks,Operations,91453.39,9/14/2021,36
32,Nancy,Ortiz,HR,37425.94,4/18/2023,35
33,Kristine,Roberts,Finance,64355.51,2/2/2022,59
34,Robert,Duke,Marketing,49302.91,2/4/2020,48
35,Kenneth,Phillips,Finance,51958.01,11/1/2021,40
36,Douglas,Webster,Finance,96160.89,10/11/2024,26
37,Dylan,Warner,IT,57348.57,12/15/2022,31
38,Anthony,Moran,Marketing,61178.71,7/17/2022,33
39,Jessica,Stokes,IT,60328.03,12/24/2022,24
40,Katie,Gordon,HR,77255.03,12/28/2021,37
41,Kathleen,Bailey,Finance,92873.35,11/22/2024,24
42,James,Vaughn,HR,47270.87,11/18/2023,51
43,Jaime,Evans,HR,31594.03,4/21/2020,55
44,Vanessa,Rosario,Marketing,65408.88,4/15/2021,42
45,Dwayne,Kline,HR,55993.32,4/17/2023,31
46,Jeremiah,Silva,HR,34163.36,12/23/2021,46
47,Michelle,Perez,Finance,44352.52,11/29/2023,29
48,Ricardo,Wilson,IT,31024.79,12/27/2022,60
49,Barbara,Gay,IT,87649.9,4/16/2021,53
50,Eugene,Taylor,Finance,35104.03,1/9/2023,38
51,Joshua,Freeman,Finance,35893.46,3/25/2023,59
52,Melissa,Garcia,HR,49094.01,6/20/2021,51
53,David,Flynn,Operations,35475.54,3/9/2023,55
54,Steven,Robinson,HR,41451.52,12/8/2022,25
55,Thomas,Davis,Operations,61914.65,12/8/2022,33
56,Larry,Vargas,Finance,43182.66,9/23/2022,51
57,William,Hodge,Operations,60669.47,5/27/2024,41
58,David,King,Finance,32339.87,10/28/2021,39
59,Fred,Nicholson,HR,59827.76,1/29/2020,52
60,Rickey,Moore,Operations,77195.29,12/30/2022,30
61,Michael,Carlson,HR,37731.53,7/13/2020,36
62,Christy,Martin,IT,38943.3,5/21/2020,28
63,Alexis,Rodriguez,IT,75687.13,10/18/2020,36
64,Susan,Parker,Operations,77946.72,6/19/2020,42
65,Donna,Gibbs,HR,98453.91,9/26/2024,23
66,Stephen,Cox,Finance,57193.92,5/11/2023,34
67,Andrew,Evans,Operations,97693.15,7/27/2021,35
68,Kathleen,Mcintyre,Marketing,41015.44,8/24/2022,46
69,Sheri,Clark,Finance,63724.89,8/7/2023,42
70,Cassandra,Lee,Finance,74820.04,5/5/2024,57
71,Tiffany,Allen,Marketing,69740.45,5/30/2020,29
72,Roberto,Frost,HR,97048.59,10/17/2024,53
73,Robert,Grant,Marketing,91798.22,3/18/2024,32
74,Joshua,Powell,Finance,42744.06,3/16/2022,56
75,Ricardo,Johnson,Finance,58864,7/20/2023,31
76,Kyle,Durham,Marketing,51792.55,5/16/2023,31
77,Shawn,Banks,Operations,79243.09,8/28/2022,26
78,Brian,Campbell,Finance,73643.21,7/30/2023,59
79,Michael,Diaz,Marketing,63084.86,7/25/2020,35
80,Aaron,Foster,HR,90474.37,2/9/2024,56
81,Frank,Harper,Operations,89616.97,11/24/2024,60
82,William,Williams,Marketing,72750.58,3/28/2022,59
83,Regina,Cruz,HR,67870.5,7/8/2020,54
84,Brandy,Perry,Marketing,77254.08,10/27/2021,54
85,Betty,Griffin,Finance,99398.29,11/23/2024,55
86,Amy,Williams,IT,37718.75,4/17/2022,58
87,Jacob,Monroe,HR,50172.7,7/4/2021,27
88,Jill,Hall,Finance,78092.13,9/11/2022,53
89,Alexandra,Richmond,Operations,63588.59,1/3/2023,22
90,Tyler,Powers,Operations,64827.2,5/18/2024,22
91,Jonathan,Thompson,HR,62490.56,6/28/2020,53
92,Ashley,Martin,HR,50046.33,12/21/2023,32
93,Carmen,Mccoy,HR,57355.47,11/20/2023,58
94,Joy,Livingston,Marketing,42493.99,4/6/2024,38
95,Catherine,Williamson,Finance,95067.49,1/26/2023,29
96,Patricia,Patrick,Marketing,79539.11,4/22/2021,59
97,Benjamin,Cruz,Operations,98354.94,9/2/2024,59
98,Terry,Gallegos,HR,52962.04,10/13/2021,36
99,Dawn,Byrd,HR,41234.1,4/30/2020,53
100,Carrie,Acevedo,HR,41857.01,1/17/2022,37
101,Ricardo,White,HR,88300.52,10/21/2022,22
102,Emily,Nelson,Finance,68770.78,1/19/2022,45
103,Tanya,Thomas,Finance,67611.84,9/13/2021,29
104,Andrew,Mcgee,HR,85405.07,8/23/2020,59
105,Michael,Fritz,Marketing,64378.1,8/6/2021,35
106,Danielle,Bush,Operations,38389.78,7/25/2021,40
107,David,Craig,Marketing,38181.22,10/22/2021,25
108,Maurice,Crosby,Finance,96784.58,6/4/2023,54
109,Heather,Wood,HR,75964.82,6/28/2020,55
110,Jessica,Lawrence,Operations,83933.68,9/1/2022,27
111,Austin,Nichols,Finance,48184.56,8/26/2022,22
112,Betty,Cardenas,Finance,39584.67,7/20/2024,56
113,Raymond,Roberts,Marketing,66642.13,8/20/2022,60
114,Nancy,Kelley,Marketing,54063.49,12/7/2021,26
115,Stephanie,Brooks,HR,75502.1,10/4/2023,30
116,Olivia,Hughes,Operations,92492.73,8/7/2023,42
117,Alyssa,Rivera,IT,44335.7,11/23/2023,46
118,Stacey,Gonzalez,HR,96035.66,7/1/2024,41
119,Natalie,Mccormick,Operations,84462.16,4/27/2021,51
120,Mary,Smith,IT,44144.75,3/6/2020,22
121,Walter,Villanueva,Marketing,65796.03,9/19/2022,41
122,Elizabeth,Perkins,Operations,88243.31,10/30/2021,26
123,Debbie,Phillips,IT,56673.08,2/18/2023,58
124,Darryl,Evans,Finance,38116.58,7/26/2021,23
125,Marisa,Hines,HR,82784.71,6/18/2020,44
126,Ricky,Jimenez,IT,92445.46,11/27/2024,49
127,Michelle,Underwood,Operations,95090.64,6/24/2024,48
128,Kelly,Riley,IT,95520.11,7/1/2020,32
129,Melanie,Doyle,IT,47098.33,5/9/2021,41
130,Jennifer,Fox,HR,61777.14,8/2/2020,37
131,Natasha,Miranda,Operations,75664.19,5/24/2024,44
132,Jessica,Thomas,IT,69013.19,10/15/2020,32
133,Robert,Johnson,IT,95982.02,7/30/2023,25
134,Samantha,Moore,IT,76487.68,12/17/2022,24
135,Ronald,Terry,Marketing,86004.5,2/6/2021,39
136,Samuel,Benson,Finance,93215.95,9/2/2023,44
137,Paul,Werner,HR,79814.91,5/29/2023,38
138,Thomas,Booker,HR,96685.45,7/18/2024,43
139,Jennifer,Norris,Marketing,78256.39,7/27/2022,54
140,Shawn,Wright,Operations,39532.15,2/28/2024,28
141,Henry,Hampton,Marketing,98629.17,7/31/2022,34
142,Amanda,Bruce,IT,96446.84,10/9/2022,59
143,George,Leach,HR,69553.01,1/28/2021,37
144,Anthony,Nelson,IT,59409.65,7/7/2020,48
145,Mary,Gentry,Finance,59668.66,10/31/2024,41
146,Mia,Harris,Finance,70054.78,4/18/2020,42
147,Laura,Marquez,HR,78043.71,11/7/2023,56
148,Michael,Green,HR,40791.26,2/18/2021,59
149,William,Phillips,Marketing,58037.21,5/13/2023,26
150,Alejandro,Carlson,Finance,31515.61,6/1/2023,22
151,Collin,Meyers,Marketing,92177.09,6/14/2022,23
152,Sarah,Garner,HR,32007.84,12/25/2019,60
153,James,Peterson,HR,48794.48,3/16/2021,49
154,Miranda,Brown,Finance,75145.77,12/8/2021,57
155,Carl,Reed,Marketing,51031.46,10/13/2024,28
156,Kristina,Lozano,IT,66107.93,1/20/2020,55
157,Kimberly,Krause,Marketing,35367.11,3/26/2023,54
158,Michelle,Hicks,Finance,90610.91,6/3/2021,56
159,Sharon,Washington,HR,73190.6,4/4/2023,23
160,Melissa,Cline,Finance,96859.2,11/25/2021,24
161,Raymond,George,IT,53840.04,9/19/2020,60
162,Jermaine,Brown,Finance,77806.3,1/4/2022,24
163,Autumn,Martinez,IT,49900.39,12/11/2022,51
164,Christopher,White,IT,57815.21,8/15/2022,47
165,Terry,Stewart,Operations,87390.22,5/19/2020,30
166,Jeffrey,Parker,IT,86165.43,2/15/2024,38
167,Michael,Morris,Operations,67114.27,3/16/2021,51
168,Angela,Morris,IT,40796.29,11/23/2020,30
169,Samantha,Brown,HR,52076.52,3/30/2021,52
170,Jennifer,Jackson,IT,84774.45,7/17/2023,23
171,Valerie,Booth,HR,58303.11,7/2/2023,58
172,Alicia,Wolf,HR,53398.54,3/27/2023,60
173,Robert,Smith,Finance,55711.11,5/21/2021,24
174,Stephen,Knight,IT,66166.49,9/7/2023,33
175,Willie,Ramos,Marketing,48446.38,6/8/2024,40
176,Maria,Maddox,HR,31936.1,7/26/2022,57
177,Katie,Williams,IT,85924.95,7/24/2022,48
178,Michele,Davis,Operations,64518.81,12/25/2020,44
179,Noah,Jenkins,Finance,63930.92,8/6/2021,32
180,Jamie,Wood,HR,61960.44,10/25/2022,35
181,Kelly,Mejia,IT,67123.69,8/12/2023,56
182,Samantha,Adams,Finance,52614.66,6/9/2024,60
183,Tina,Silva,HR,72459.85,7/10/2021,45
184,Stacey,Schneider,Marketing,59386.27,7/27/2023,49
185,Nancy,Alexander,Operations,31897.11,10/28/2021,31
186,Madison,Davis,HR,63644.58,11/5/2024,57
187,Kristina,Martinez,Marketing,99644.45,5/17/2024,58
188,Eric,Clarke,IT,47090.34,4/22/2020,43
189,Kerry,Roberts,IT,47842.91,11/26/2022,32
190,Jennifer,Hicks,Finance,43961.97,7/23/2023,52
191,David,Johnson,Finance,74405.6,4/6/2023,31
192,Michael,Smith,IT,96986.85,10/30/2023,58
193,Justin,Bartlett,Finance,81295.65,11/1/2023,57
194,Ashley,Castillo,HR,92022.93,11/12/2024,34
195,Frank,Martin,Finance,51198.98,12/16/2023,35
196,Garrett,Hughes,HR,31785.83,6/15/2024,46
197,Jonathan,James,Finance,60562.67,1/4/2024,35
198,Alexandra,Lester,Operations,97142.6,6/16/2021,50
199,Kelly,Mendoza,Finance,99277.04,1/15/2020,42
200,Brandon,Cuevas,Marketing,78097.93,2/4/2020,45
201,Ray,Hall,Operations,46623.79,6/27/2022,53
202,Todd,Jones,Operations,81495.45,5/16/2020,34
203,Bradley,Bean,HR,47389.5,4/22/2024,46
204,David,Stevenson,Marketing,59048.78,10/30/2020,31
205,Tiffany,Rose,HR,42230.53,5/9/2022,54
206,Elizabeth,Maynard,Operations,92737.85,11/11/2023,50
207,Rodney,Curry,HR,91764.93,2/26/2021,26
208,Adrian,Lewis,HR,91344.97,7/27/2022,57
209,Daniel,Waters,Marketing,36835.93,1/10/2022,40
210,Lisa,Williams,HR,60210.51,1/17/2023,26
211,Brian,Mitchell,HR,36112.31,6/8/2021,35
212,Teresa,Howard,HR,69423.75,7/25/2022,44
213,Eric,Smith,Operations,32640.88,7/8/2022,39
214,James,Kennedy,Operations,85152.36,6/1/2023,54
215,Holly,Gonzalez,Marketing,58883.47,6/13/2021,58
216,Matthew,Smith,Marketing,48011.01,4/18/2023,28
217,Jill,Mccarthy,Operations,70908.83,11/7/2023,22
218,Kevin,Rodriguez,IT,38281.78,11/17/2023,27
219,Rebecca,Livingston,Operations,35347.06,6/2/2022,58
220,Katie,Goodwin,IT,47370.88,2/4/2021,26
221,Mary,Dean,Operations,45157.82,6/5/2023,54
222,Julie,Lane,HR,80795.63,11/8/2023,49
223,Todd,Brown,Finance,63927.3,5/27/2024,46
224,Brett,Mcdonald,Finance,54864.48,3/24/2022,36
225,Lonnie,Martin,Finance,43151.65,6/17/2022,59
226,Riley,Lambert,HR,61863.82,10/10/2024,22
227,Marissa,Evans,HR,36170.45,10/28/2020,54
228,Michelle,Taylor,Marketing,90016.84,4/24/2022,41
229,Austin,Barry,Marketing,83931.26,4/18/2022,25
230,James,Padilla,IT,94536.32,3/8/2020,27
231,Robert,Torres,IT,83708.62,12/22/2022,46
232,Ryan,Ellis,Operations,60257.36,10/19/2024,29
233,Lisa,Morgan,Operations,90939.23,5/22/2023,39
234,Jessica,Thompson,HR,46977.72,6/11/2024,24
235,Kristin,Meadows,IT,81983.07,7/27/2021,35
236,Mariah,Dickerson,Finance,76333.55,9/24/2020,36
237,Stacey,Dalton,Marketing,89916.17,8/24/2020,48
238,Tyler,Brown,Marketing,33331.79,5/8/2020,60
239,Taylor,Byrd,Operations,66327.77,5/5/2024,58
240,Patricia,Richardson,Operations,65795.11,12/10/2019,38
241,John,Clark,Marketing,38840.16,1/14/2022,42
242,Maxwell,Goodman,Operations,94485.99,11/22/2024,46
243,Kristopher,Wheeler,HR,77972.85,5/21/2023,56
244,Justin,Lynch,Finance,89298.17,5/2/2023,58
245,Caitlin,Lane,HR,39725.54,5/19/2021,34
246,Michael,Thomas,Marketing,49598.94,12/16/2021,55
247,John,Stevens,HR,44606.03,10/2/2021,29
248,Patrick,Suarez,Operations,59901.89,11/29/2021,55
249,Lisa,Hodges,IT,52268.68,4/21/2021,60
250,Melissa,Webster,HR,34912.03,6/1/2022,40
251,Brian,Wright,Finance,54407.75,1/5/2020,50
252,Melissa,Becker,Operations,55648.63,1/5/2023,29
253,Casey,Cooke,IT,84506.32,8/24/2022,32
254,Colleen,Ward,HR,46930.43,11/2/2021,37
255,Ashley,Williams,HR,82543.43,2/1/2020,38
256,Eric,Miller,IT,84968.51,11/9/2020,23
257,Jonathon,Kelly,HR,65750.3,8/5/2021,32
258,Elizabeth,Gates,Finance,38915.66,7/22/2020,57
259,Jodi,Oneill,HR,55058.86,12/31/2021,33
260,Michael,Taylor,HR,34314.43,9/19/2020,46
261,Alan,Diaz,IT,49346.43,3/18/2023,56
262,Katherine,Moreno,Marketing,55157.9,1/31/2024,23
263,Joseph,Smith,Marketing,67370.96,5/6/2021,47
264,George,Robertson,Marketing,39353.21,10/4/2023,50
265,Adam,Warren,Operations,92649.15,1/7/2023,58
266,Dave,Hammond,Operations,66760.48,3/28/2022,54
267,Jaclyn,Gonzalez,IT,60457.65,7/7/2021,24
268,Tracy,Wood,IT,86638.36,4/12/2020,45
269,Sharon,Sanchez,Operations,94587.07,4/4/2024,50
270,Robert,Clark,Marketing,36501.15,7/19/2024,24
271,Donna,Williamson,Operations,41766.32,1/30/2023,25
272,Tyler,Pratt,Marketing,82003.27,8/27/2020,47
273,Christina,Rodriguez,Finance,57127.82,4/16/2022,60
274,Debbie,Briggs,Marketing,98254.18,1/10/2024,44
275,Danielle,Washington,HR,50853.15,12/13/2022,47
276,Michelle,Miller,Finance,82903.44,6/6/2021,39
277,Jean,Calhoun,Finance,69422.3,3/21/2023,54
278,Kelly,Jensen,Operations,58404.76,7/16/2024,46
279,April,Larsen,Finance,58951.26,2/9/2021,23
280,Jeremy,Ibarra,Marketing,56982.69,10/14/2020,23
281,Tammie,Klein,Finance,62512.86,8/29/2021,53
282,Martin,Heath,IT,49368.61,10/10/2024,38
283,Kim,Hammond,HR,90917.35,7/9/2024,38
284,Michele,Ellis,Finance,41902.63,4/30/2021,60
285,Ashley,Barry,Marketing,47920.41,10/8/2023,25
286,Cynthia,Anderson,HR,79942.93,11/15/2021,50
287,Mark,Brown,Operations,30811.46,10/25/2024,29
288,Erica,Caldwell,HR,75627.38,6/29/2020,25
289,Julie,Fox,HR,98667.7,8/16/2021,46
290,Thomas,Lewis,HR,85008.82,8/26/2021,47
291,John,Fitzpatrick,HR,86338.68,8/9/2022,53
292,Cynthia,Thomas,HR,41969.41,8/26/2023,26
293,April,Lawrence,Marketing,92850.09,1/7/2023,31
294,Matthew,Guerrero,IT,67867.41,7/6/2024,29
295,Karen,Donaldson,HR,46485.81,11/25/2022,43
296,Mary,Kennedy,Marketing,87357.82,9/19/2020,23
297,Tonya,Olson,Finance,71725.78,8/30/2020,34
298,Kelly,Murphy,Operations,61072.6,10/25/2021,37
299,Robert,Weaver,IT,94593.15,8/16/2023,33
300,Matthew,Johnson,Operations,62453.44,6/8/2024,55
301,Nathan,Smith,Operations,70250.42,3/22/2020,26
302,Michael,Hernandez,IT,37367.21,11/20/2022,30
303,Cameron,Harrington,HR,55541.89,4/16/2022,59
304,Wendy,May,IT,86333.77,6/14/2021,56
305,Joseph,Watson,Operations,99160.74,6/27/2022,45
306,Scott,Deleon,Operations,43522.3,6/3/2023,43
307,Amanda,Parker,HR,30501.85,12/9/2023,26
308,Donna,Good,Marketing,51977.48,9/25/2020,24
309,Blake,Farmer,IT,66745.29,4/1/2023,35
310,Mary,Hurst,Operations,59485.71,1/5/2024,35
311,Paul,Jackson,Finance,92567.85,6/15/2024,29
312,Judy,Paul,IT,76786.67,8/13/2023,25
313,Paul,Johnston,Finance,92469.09,8/8/2024,37
314,Ashley,Bryant,Operations,42153.86,5/3/2022,46
315,Heather,Lane,Marketing,82759.74,6/1/2023,45
316,Kimberly,Rodriguez,Finance,45284.74,8/25/2023,55
317,Cody,Carter,Finance,69323.64,7/15/2022,47
318,Gabriella,Ramos,HR,88850.2,9/15/2020,23
319,Frank,Waters,Finance,68040.43,8/26/2022,29
320,Christopher,West,Marketing,58670.96,1/27/2022,31
321,Carly,Smith,HR,43724.71,4/5/2020,35
322,Kristina,Stokes,Finance,41053.55,7/1/2022,49
323,Ricky,Gross,Marketing,51508.56,10/6/2024,22
324,Vanessa,Jackson,HR,69330.56,5/9/2022,59
325,Robert,Cain,Operations,41329.44,3/22/2020,31
326,Kelly,Peck,Operations,93076.69,11/16/2024,39
327,Andrew,Joseph,Marketing,45714.45,3/23/2021,44
328,Eric,Wallace,HR,69255.21,2/1/2024,53
329,Donna,Allen,Finance,92277.56,3/8/2021,49
330,Melissa,Robertson,HR,67912.18,9/24/2024,49
331,Michelle,Lamb,HR,33319.16,10/8/2021,22
332,Donna,Hernandez,IT,80185.43,2/24/2020,45
333,Luis,Simpson,Marketing,90491.25,12/17/2021,36
334,Joseph,Lopez,HR,88812.05,2/14/2024,47
335,Mark,Hernandez,Operations,64112.84,3/11/2021,23
336,Ronald,Allen,Operations,89925.39,6/16/2021,59
337,Michael,Vazquez,Operations,42863.31,9/6/2020,52
338,Autumn,Sparks,IT,56595.67,8/24/2022,33
339,Cassandra,Baxter,Operations,66981.66,5/2/2021,25
340,Clifford,Wells,HR,74324.3,2/28/2023,43
341,Tammy,Erickson,Operations,68097.43,7/1/2024,36
342,Michelle,Ewing,HR,52299.65,10/15/2023,59
343,Katherine,Ortiz,IT,56223.11,12/29/2022,59
344,Carlos,Montgomery,Marketing,39675.15,5/19/2022,41
345,Alice,Waller,HR,62539.1,9/10/2022,27
346,Lori,Mcclure,Marketing,93482.76,8/1/2024,43
347,Patrick,Miller,Finance,69154.14,6/14/2020,40
348,Joshua,Kelley,HR,56431.43,4/11/2021,52
349,Bruce,Smith,Marketing,36226.94,12/10/2019,37
350,Jason,Boone,IT,98618.71,6/29/2024,40
351,Sarah,Miller,HR,71823.84,12/30/2023,29
352,Juan,Sawyer,Marketing,56350.59,3/31/2021,40
353,Sheri,Weber,IT,66018.44,10/26/2024,54
354,Cathy,Rivera,HR,60697.68,7/20/2022,22
355,Daniel,Gonzalez,Operations,92251.56,1/3/2020,24
356,Cynthia,Sexton,HR,33170.78,11/29/2020,33
357,John,Deleon,HR,64204.86,4/5/2023,35
358,Darlene,Moore,Marketing,82538.95,8/26/2023,39
359,Linda,Rivera,Operations,82788.39,6/12/2020,26
360,Roberto,Villarreal,IT,36628.35,1/24/2021,59
361,John,Mason,IT,71581.02,7/28/2021,31
362,Brittany,Suarez,Operations,83211.96,8/17/2023,22
363,Jocelyn,Brown,Finance,37932.82,3/15/2020,59
364,Sheri,Myers,IT,91853.56,11/25/2021,33
365,Nicole,Morales,Operations,76567.72,10/2/2023,41
366,Kimberly,Herring,Operations,76372.96,9/1/2023,26
367,Kayla,Meyer,Finance,50236.92,12/22/2022,28
368,Jennifer,Wilson,Operations,74424.26,11/1/2023,30
369,James,Mcbride,Marketing,88508.89,2/27/2024,42
370,Angela,Johnson,Marketing,90341.03,4/25/2023,27
371,Angel,Porter,HR,96593.95,2/27/2021,39
372,Sabrina,Hendricks,Finance,73909.43,10/7/2021,45
373,Robert,Cruz,Finance,48129.81,7/4/2021,36
374,Chad,Martin,Operations,35613.26,3/31/2023,29
375,Michael,Miller,Marketing,70228.87,5/15/2023,26
376,Kenneth,James,Finance,69447.77,1/15/2021,49
377,Elizabeth,Torres,IT,86194.62,8/24/2024,31
378,Lauren,Koch,Marketing,90433.67,11/27/2022,23
379,Brian,Thomas,IT,89838.52,10/27/2022,43
380,Gina,Guzman,HR,90868.84,1/14/2023,56
381,Melvin,Wallace,Operations,65710.06,8/6/2021,58
382,Steven,Hunt,Operations,61441.19,6/14/2021,55
383,Amanda,Robinson,HR,84871.21,12/9/2020,57
384,David,Nelson,Finance,70172.76,10/14/2020,33
385,Christopher,Miller,IT,44018.89,3/24/2023,34
386,Ashley,Peterson,IT,30102.76,10/18/2022,49
387,Billy,Gibson,IT,35288.85,4/16/2023,58
388,Megan,Dunn,Finance,82434.32,10/27/2021,54
389,Ryan,Sellers,Finance,82652.69,10/2/2020,40
390,Anna,Khan,HR,51371.36,5/8/2024,41
391,Leslie,Gonzalez,Marketing,83864.73,7/28/2024,52
392,Thomas,Harris,IT,38518.89,10/1/2024,53
393,Samantha,Potter,IT,49388.56,6/15/2021,40
394,Penny,Ingram,HR,96482,12/12/2020,43
395,Zachary,Snow,Operations,91679.45,5/26/2023,57
396,Anna,Huang,Marketing,46762.12,1/7/2020,35
397,Stephen,Smith,IT,52391.58,11/27/2020,43
398,Holly,Nelson,Marketing,89488.25,10/20/2021,46
399,Karen,Campbell,IT,91227.56,12/24/2022,35
400,Christina,Edwards,Marketing,97886.57,3/24/2023,22
401,Jeffrey,Robertson,Operations,34103.02,1/22/2024,27
402,Jill,Daniel,IT,71817.32,6/20/2020,43
403,Brianna,Morgan,Operations,32507.18,8/6/2023,59
404,Pamela,Johnson,Marketing,89159.6,11/11/2021,35
405,Melissa,Frazier,HR,34023.42,9/30/2023,46
406,Megan,Gomez,Operations,91382.24,12/21/2020,22
407,Ruben,Gregory,Finance,98529.36,8/15/2023,29
408,Melinda,Smith,IT,31775.92,8/24/2021,47
409,Ryan,Johnson,Operations,53167.7,6/24/2020,34
410,Yvonne,Nelson,IT,61106.99,9/4/2024,57
411,Joshua,Aguilar,Finance,90940.26,7/26/2021,52
412,James,Martinez,Operations,91281.87,5/19/2023,41
413,Dennis,Bryant,Operations,40270.25,3/22/2021,41
414,Steven,French,HR,41675.08,3/28/2021,28
415,Felicia,Smith,Operations,57224.92,1/14/2020,59
416,Patricia,Hamilton,Operations,67486.74,9/11/2021,24
417,Meghan,Buck,Finance,87892.03,11/15/2023,55
418,Julie,Bush,Operations,50243.39,4/6/2023,31
419,Heather,Miller,Marketing,54067.42,9/15/2020,40
420,Rhonda,Pierce,Finance,53518.38,6/5/2024,32
421,Amanda,Austin,IT,84262.43,10/6/2021,33
422,Michelle,Hill,Finance,79789.52,11/19/2022,27
423,Gerald,Wright,Marketing,46567.55,9/4/2020,57
424,Thomas,Thompson,Finance,88557.39,2/3/2022,29
425,Bryan,Maddox,Finance,53130.48,7/22/2021,27
426,John,Figueroa,HR,95976.17,10/14/2024,51
427,Lisa,Diaz,IT,87108.54,9/15/2023,22
428,Andrea,Warren,Finance,52099.23,7/16/2024,23
429,Justin,King,Marketing,47529.6,10/11/2024,29
430,Emma,Thomas,Operations,60215.98,9/22/2020,38
431,Mary,Alexander,Finance,43114.04,8/15/2022,55
432,Richard,Williams,Finance,32705.12,4/7/2021,43
433,David,Lynch,Marketing,64280.09,1/21/2022,28
434,Erica,Smith,Operations,87877.83,2/10/2022,42
435,Raymond,Estrada,Finance,52997.19,2/9/2020,36
436,Dustin,Nielsen,IT,60875.98,4/6/2021,32
437,Faith,Green,IT,99494.27,1/3/2021,36
438,Jonathan,Bailey,IT,63530.76,10/21/2024,32
439,Dustin,Mitchell,Operations,36881.34,10/25/2022,56
440,Donald,Smith,IT,92148.35,11/11/2024,40
441,Julie,Hernandez,IT,66634.67,8/30/2020,33
442,Donald,Becker,Finance,50391.45,2/26/2020,33
443,Lindsey,Nelson,Operations,74828.45,11/11/2021,42
444,Abigail,Oconnell,IT,46059.59,12/16/2019,34
445,Christian,Morris,Finance,62664.51,8/18/2020,48
446,Mitchell,Murphy,Finance,85482.29,1/16/2020,44
447,Daniel,Larsen,Finance,47067.39,2/2/2021,58
448,Nancy,Wagner,Operations,51024.97,6/12/2024,53
449,Marc,Johnson,IT,52500.65,6/27/2022,23
450,Julie,Lopez,IT,96601.8,12/8/2020,39
451,Keith,Alvarez,IT,68488.18,2/18/2022,56
452,Becky,Hunter,Marketing,56462.94,4/16/2024,41
453,Tanya,Pope,Finance,95030.98,3/6/2021,51
454,April,Tran,Marketing,91639.47,9/5/2023,33
455,Ryan,Welch,HR,73774.53,4/23/2024,54
456,Derek,Perez,HR,41852.2,7/9/2021,44
457,Lisa,Green,IT,67750.29,10/17/2020,41
458,Laurie,Richard,Finance,88912.33,10/19/2020,51
459,Bruce,Harris,IT,51769.13,3/9/2020,50
460,Joseph,Chavez,Finance,75081.25,1/7/2021,45
461,Donna,Murphy,Finance,36696.71,10/8/2024,34
462,Steven,Perry,HR,72323.29,4/14/2021,48
463,Timothy,Gardner,Finance,77497.58,12/13/2020,41
464,Shaun,Garcia,IT,41268.71,8/19/2022,42
465,Adam,Herrera,IT,77124.97,2/23/2024,41
466,Tonya,Hill,Operations,48064.66,12/21/2020,51
467,Jennifer,Shaw,Operations,84027.62,6/21/2020,58
468,Robert,Payne,IT,69811.18,5/20/2023,50
469,Amy,Ramirez,Operations,76922.5,6/27/2020,53
470,Jillian,Brown,Operations,62012.52,8/4/2023,47
471,Christopher,Baker,Finance,35086.94,2/15/2021,26
472,Rachel,Ray,HR,51650.95,2/15/2022,58
473,Krystal,Fisher,Finance,65847.29,9/29/2021,51
474,Sarah,Moses,IT,64688.27,12/18/2023,24
475,Juan,Diaz,Operations,68121.69,9/29/2022,37
476,Melissa,Copeland,IT,85179.69,2/13/2024,36
477,Megan,Garcia,Finance,87082.57,3/4/2020,53
478,Jessica,Sparks,Marketing,81181.01,10/15/2022,29
479,Kimberly,Williams,HR,99774.95,1/23/2024,57
480,John,Morris,IT,38112.58,10/26/2024,59
481,Jamie,Kelly,HR,57830.85,1/5/2024,29
482,David,Owens,Operations,91946.47,10/15/2023,41
483,Megan,Long,Operations,70813.55,9/21/2022,39
484,Jack,Valencia,HR,73865.98,7/8/2021,38
485,Michael,Mcdaniel,Operations,99530.75,11/21/2021,49
486,Maria,Barker,HR,81398.29,9/18/2024,49
487,Evelyn,Wright,Marketing,85107.82,8/13/2023,31
488,Derek,Hughes,IT,90247.4,2/25/2021,53
489,Angelica,Ward,IT,47227.88,10/7/2021,59
490,Victoria,Porter,IT,86330.52,7/31/2022,49
491,Gerald,Day,IT,98663.22,4/28/2020,57
492,Elijah,Best,Marketing,88831.19,7/27/2024,42
493,Joseph,Ibarra,Marketing,99953.4,7/19/2023,47
494,Gregory,Mason,Finance,31196.33,1/4/2024,60
495,Tyler,Robertson,IT,66930.61,5/20/2021,50
496,Samantha,Bailey,HR,51283.71,10/15/2021,52
497,Paige,Castillo,IT,84268.93,4/25/2024,38
498,Amanda,Powers,IT,70047.52,2/25/2024,32
499,Sonya,Wilson,Marketing,30145.3,1/11/2020,29
500,Catherine,Park,HR,52951.79,3/11/2022,41
501,Catherine,Martinez,Finance,68442.71,8/16/2024,59
502,Lawrence,Preston,HR,84044.46,9/9/2024,39
503,Tara,Robinson,HR,30792.28,3/10/2020,49
504,Carol,Hernandez,IT,70033.34,3/10/2020,50
505,Jasmine,Bishop,Operations,74589.67,2/8/2022,59
506,Anna,Wells,IT,46957.97,7/8/2022,31
507,Jennifer,Spears,IT,46705.82,5/9/2022,42
508,Billy,Baxter,Operations,45086.68,9/3/2021,59
509,Sara,Thomas,Marketing,45060.57,1/13/2024,52
510,Stephanie,Baxter,Operations,37941.67,2/22/2022,51
511,Kristina,Mckinney,HR,44169.9,10/15/2022,57
512,Hannah,Martin,Marketing,63376.81,4/16/2021,28
513,Rebecca,Osborne,HR,86670.89,6/12/2022,35
514,George,Cruz,Marketing,82612.73,9/3/2020,28
515,Christine,Alvarez,Operations,65622.5,3/23/2023,22
516,Heather,Mills,Finance,84551.53,12/3/2020,44
517,Angela,Gibson,HR,89505.61,2/1/2021,26
518,Laurie,Gallegos,IT,39792.4,2/24/2020,55
519,Lisa,Cantu,Operations,45061.68,8/2/2023,39
520,Debra,Reilly,Marketing,70260.17,7/16/2022,43
521,Brian,Strickland,IT,83685.71,6/17/2020,34
522,Heather,Hatfield,Marketing,62944.35,7/28/2023,31
523,Brian,Taylor,HR,95721.03,6/7/2023,22
524,Sheena,Wright,Finance,30338.25,10/4/2023,32
525,Reginald,Edwards,Operations,58072.08,4/9/2022,31
526,George,Harrington,Operations,37468.33,8/25/2021,39
527,Dustin,Bright,Marketing,38236.79,6/12/2024,44
528,Derek,Mcdaniel,Finance,53428.77,4/17/2022,25
529,Danny,Beck,Marketing,96881.22,5/18/2023,27
530,Kevin,Smith,Operations,76204.5,9/2/2023,51
531,David,Washington,IT,96016.86,8/29/2021,56
532,Courtney,Lawson,Finance,80647.04,12/7/2019,25
533,Aaron,Kelly,IT,65332.97,11/12/2024,57
534,Jacob,Lewis,Finance,30214.96,1/9/2023,33
535,Gina,Walton,IT,91418.92,7/6/2021,29
536,James,Griffin,Finance,65101.12,5/9/2022,34
537,John,Palmer,IT,98697.55,5/24/2020,34
538,Teresa,Lee,Finance,99901.22,6/24/2024,25
539,Kenneth,Johnson,HR,56104.19,8/30/2023,34
540,Heather,Allen,Operations,73967.56,4/17/2024,47
541,Molly,Wagner,Marketing,55119.72,1/26/2020,46
542,Isabella,Rogers,Marketing,35914.46,12/25/2019,52
543,Alex,Harris,IT,48140.31,10/6/2022,57
544,Joshua,Henderson,Marketing,89917.06,6/9/2021,55
545,Melody,Brown,Marketing,58562.86,12/18/2023,36
546,Luis,Turner,Operations,62586.18,5/5/2024,52
547,Crystal,Rodriguez,Marketing,65073.84,1/20/2024,24
548,Hunter,Jacobs,Marketing,50996.83,10/1/2021,57
549,Lisa,Riddle,Operations,63688.29,9/6/2024,28
550,Christine,Murphy,Finance,74669.79,3/31/2021,45
551,Courtney,White,HR,65017.28,9/10/2020,60
552,Christine,Brown,HR,75378.68,7/15/2021,46
553,Sandra,Jackson,Marketing,34414.64,10/4/2021,59
554,Mary,Roberts,IT,77312.7,5/21/2020,38
555,Sharon,Flores,IT,78550.15,11/17/2023,47
556,Elijah,Logan,Finance,90439.19,7/15/2024,23
557,Jessica,Lucas,Marketing,34301.96,11/8/2024,59
558,Tina,Carroll,Marketing,55741.23,5/10/2024,53
559,Kelli,Rivera,Marketing,58286.42,1/11/2021,34
560,Larry,Fry,Operations,74237.32,9/22/2022,54
561,Jason,Green,IT,47370.04,10/20/2022,58
562,Terri,Snyder,HR,62258.56,2/22/2024,27
563,Michelle,Burton,IT,48654.97,9/25/2022,28
564,Colton,Jones,Marketing,71534.86,11/9/2021,46
565,Sheila,Hood,Marketing,80821.37,1/15/2024,42
566,Jesus,Fletcher,Finance,39367.09,6/19/2021,41
567,Adam,Kirby,Operations,59382.16,12/24/2021,55
568,Kyle,Martin,HR,74321,11/8/2021,44
569,Maureen,Travis,HR,62790.59,5/24/2023,29
570,Mackenzie,Patel,Marketing,84535.01,11/9/2024,39
571,John,Sims,Operations,58879.99,11/10/2021,40
572,Taylor,Singh,Finance,74306.94,7/4/2024,31
573,Jacqueline,Ferguson,HR,31534.88,6/4/2020,35
574,Erin,Glass,Operations,69641.4,6/27/2020,35
575,Brooke,Taylor,Operations,50789.06,2/12/2020,50
576,Joshua,Jenkins,Finance,83882.18,2/28/2021,39
577,Dennis,Olsen,HR,47496.19,12/17/2020,41
578,Charles,Shepard,Finance,99176.2,6/7/2022,43
579,Kristen,Allen,Operations,79083.68,4/2/2024,59
580,Emily,Morris,Marketing,89566.33,4/12/2023,28
581,Heather,Roberts,Finance,67202.96,6/4/2024,23
582,Tyler,Scott,IT,77705.97,4/28/2022,54
583,Allen,Fowler,Operations,42055.46,5/20/2024,51
584,Diane,Grant,Marketing,81973.09,11/21/2022,47
585,Patrick,Parks,Finance,99113.63,9/3/2024,22
586,Jessica,Brewer,Operations,66854.89,2/1/2024,48
587,Juan,Cunningham,HR,46501.32,8/14/2021,34
588,Kayla,Ferrell,Finance,55658.83,10/14/2022,41
589,Lindsey,Meza,IT,54482.46,5/22/2020,28
590,Robert,Garcia,Finance,74270.65,11/20/2023,44
591,Lauren,Massey,Operations,73844.21,5/8/2023,57
592,Karen,Reyes,HR,49640.03,2/10/2022,28
593,Norma,Harris,IT,76404.92,11/12/2021,36
594,Michele,Estes,Marketing,39327.27,5/14/2021,47
595,Aaron,Ortiz,IT,82902.59,8/3/2022,50
596,Tom,Price,HR,72849.22,2/20/2021,54
597,Monica,West,HR,46845.21,11/24/2024,36
598,Jenna,Rice,IT,87815.96,9/18/2022,58
599,Edward,Williams,Operations,93870.71,3/11/2024,28
600,Edward,Williams,Operations,79559.77,3/9/2021,32
601,Andrew,Mata,Marketing,63296.82,8/30/2023,38
602,Juan,Butler,HR,47211.99,3/7/2020,42
603,David,Williams,Operations,84895.62,11/22/2020,27
604,Benjamin,Floyd,IT,62232.01,12/14/2022,27
605,Jennifer,Sanchez,Finance,89966.98,5/5/2023,49
606,Michael,Kennedy,IT,50105.46,10/11/2021,58
607,Ryan,Davidson,HR,78986.38,5/7/2022,38
608,Cassandra,Salinas,HR,44327.26,6/22/2022,59
609,Tim,Carroll,Marketing,53296.38,2/14/2020,36
610,Kimberly,Williams,IT,52193.81,4/9/2021,39
611,George,Long,Finance,51830.12,7/15/2021,37
612,Frances,Blair,Finance,50446.03,12/23/2021,50
613,Matthew,Bishop,Operations,64506.72,11/11/2023,47
614,Mackenzie,Chen,IT,78728.97,12/21/2020,60
615,David,Ryan,Marketing,42375.02,1/12/2023,37
616,Steven,Ramirez,Operations,81840.67,2/26/2022,39
617,Benjamin,Peters,Marketing,47999.53,10/2/2022,28
618,Michael,Davis,Operations,47246.41,2/27/2021,30
619,Robin,Bailey,Finance,62279.18,11/28/2022,22
620,Thomas,Day,HR,64166.2,7/22/2021,52
621,Jennifer,Anderson,Finance,65488.9,5/11/2023,42
622,Hunter,Burch,Operations,59321.22,3/18/2022,45
623,Andrew,Riley,IT,44245.78,7/29/2022,53
624,Colin,Ward,HR,81914.12,1/6/2022,31
625,Thomas,Hamilton,HR,38995.73,9/23/2022,25
626,Cody,Watson,Marketing,61109.2,2/28/2020,36
627,Charles,Cook,IT,64615.28,6/16/2022,58
628,Megan,Knight,Operations,68093.44,4/17/2024,59
629,Kenneth,Chan,IT,94957.2,5/12/2023,54
630,Stephen,Hoffman,Operations,39907.03,4/22/2023,48
631,Nicole,Howard,IT,39582.58,11/7/2021,41
632,April,Davis,Marketing,55585.77,5/7/2023,34
633,Brian,Parker,IT,35971.48,5/1/2022,59
634,Mary,Bennett,Operations,52426.82,10/31/2022,33
635,Martin,Day,Finance,63082.97,12/6/2022,45
636,Monica,Ballard,IT,86677.65,9/20/2022,29
637,Brandon,May,Marketing,82492.74,7/10/2020,58
638,Valerie,Arnold,Operations,43962.85,10/12/2020,22
639,Matthew,Mcdonald,IT,97416.22,9/2/2022,46
640,Wesley,Adams,HR,77005.51,10/30/2021,47
641,Edward,Smith,Finance,36400.78,11/28/2020,48
642,Sean,Mcdaniel,Operations,58413.05,8/27/2021,54
643,Robert,Thomas,IT,58460.91,1/12/2020,46
644,Rachel,Butler,Marketing,87780.78,2/9/2020,38
645,Lance,Rodriguez,Marketing,71754.65,12/28/2019,54
646,Amanda,Crawford,IT,62456.28,9/28/2024,59
647,Alexander,Simmons,Marketing,64771.12,10/8/2022,29
648,Lindsay,Marsh,Finance,85599.02,1/4/2022,38
649,Nicholas,Mcdonald,IT,45980.69,5/24/2021,42
650,Hayley,Jones,Marketing,54231.8,3/11/2021,26
651,Ryan,Lee,HR,31073.86,9/2/2020,60
652,David,Moss,Operations,64774.48,12/12/2023,54
653,Ryan,Smith,Operations,30118.59,3/20/2022,25
654,Jeremy,Fox,Finance,47327.58,3/10/2021,60
655,Tiffany,Ward,Marketing,63307.83,11/25/2023,57
656,Jillian,Perez,HR,48982.56,7/26/2022,51
657,Kristi,Ramirez,IT,71174.64,6/22/2020,26
658,Lisa,Odonnell,Finance,77699.82,4/30/2020,48
659,Kim,Clark,HR,90037.51,4/19/2022,53
660,Anthony,Kirby,IT,58580.65,7/22/2023,32
661,Brenda,Joseph,IT,98506.28,2/12/2023,46
662,Darlene,Hill,IT,37675.6,6/1/2020,24
663,Stacy,Smith,IT,64429.43,4/13/2023,24
664,Christopher,Ware,HR,94529.08,4/19/2021,46
665,Juan,Norton,IT,94725.44,5/24/2022,51
666,Tracy,Brooks,Finance,81753.81,3/13/2021,46
667,Donna,Thompson,Operations,95875.92,8/7/2024,36
668,Amy,Lawrence,Marketing,88468.66,6/20/2022,48
669,Daniel,Griffin,HR,91732.52,1/20/2023,25
670,Stacy,Schmidt,Marketing,98117.36,1/13/2023,48
671,Bradley,Hart,Operations,87771,7/5/2024,55
672,Joseph,Stanley,Operations,44484.92,11/24/2020,28
673,Jonathan,Fernandez,Operations,68122.58,2/2/2020,36
674,Victoria,Mosley,IT,92988.26,4/14/2024,29
675,Kelly,Carson,Operations,44725.53,7/29/2020,32
676,Matthew,Kelly,Marketing,83457.39,5/24/2024,32
677,Cory,Richard,HR,36959.54,5/12/2023,45
678,Dennis,Scott,Operations,38572.54,7/3/2020,33
679,Brandon,Higgins,HR,84931.69,9/16/2021,28
680,Julie,Rivers,Marketing,93011.58,7/29/2021,52
681,Javier,Ingram,HR,76310.64,8/1/2022,28
682,Mary,Rivera,Marketing,78199.3,5/12/2022,58
683,Aaron,Vega,Marketing,60504.18,11/22/2020,51
684,Nicole,Bates,Marketing,87419.13,10/12/2021,28
685,Daniel,Cooper,Marketing,37404.35,6/9/2023,35
686,Kelli,Jenkins,Operations,75346.53,5/28/2024,32
687,Laurie,Martinez,Marketing,73302.56,8/24/2020,37
688,Dawn,Cooke,Finance,87856.53,11/18/2021,27
689,Judy,Bolton,Operations,56434.83,8/21/2023,53
690,Daniel,Ramos,Marketing,78834.59,3/27/2021,22
691,Corey,Barton,IT,99969.69,7/17/2022,52
692,Olivia,Johnson,Operations,39895.64,3/4/2022,39
693,Jeffrey,Morgan,IT,43345.13,5/25/2020,34
694,Kimberly,Myers,Marketing,38732.13,11/25/2023,24
695,April,Matthews,Marketing,56676.22,7/24/2020,28
696,Kevin,Bishop,HR,52851.62,12/12/2023,54
697,Roberta,Cooper,Marketing,40646.03,11/16/2024,45
698,Eric,Cunningham,IT,79158.38,10/31/2024,47
699,Joshua,Salas,HR,80795.26,10/22/2021,31
700,Jeffrey,Lewis,HR,84782.51,6/29/2023,52
701,Angela,Murphy,Marketing,69066.09,11/25/2021,27
702,Daniel,Oconnor,IT,75259.22,8/15/2020,44
703,Connor,Lucas,Finance,73622.5,1/7/2024,53
704,Tyler,Thompson,IT,94686.42,9/21/2023,32
705,Joyce,Odom,Finance,85967.68,4/24/2024,24
706,Pamela,Smith,HR,79761.48,2/13/2023,49
707,Brian,Swanson,Finance,63079.08,1/31/2023,38
708,John,Bennett,HR,81386.6,3/13/2024,33
709,Eric,Bennett,IT,87258.95,7/5/2020,31
710,Andre,Miller,Operations,58595.76,9/7/2020,27
711,Adam,Ramsey,Marketing,55092.39,9/15/2021,51
712,Abigail,Garrett,Marketing,59596.29,5/18/2022,39
713,Ana,Shields,Finance,41767.13,10/21/2020,42
714,Jonathan,Lowe,Marketing,88143.03,1/20/2020,25
715,Morgan,Wilson,HR,54129.54,1/19/2022,34
716,Jesus,Luna,Operations,61862.8,8/14/2023,51
717,Timothy,Trujillo,IT,89841.64,12/24/2023,46
718,Daniel,Sharp,Operations,69636.3,4/25/2021,59
719,Melinda,Davidson,IT,82194.64,11/27/2022,37
720,Paul,Petty,Finance,79137.8,10/15/2024,53
721,Christopher,Brown,IT,92549.18,11/11/2023,39
722,Brian,Ramirez,HR,32398.69,4/15/2024,26
723,Kathryn,Thomas,Finance,60260.61,5/12/2022,37
724,Amy,Mcgee,Finance,59059.45,5/3/2021,29
725,Shannon,Goodman,IT,84410.58,12/24/2022,29
726,Angela,Mckinney,Finance,52970.93,4/14/2023,38
727,Connie,Luna,HR,64556,8/24/2024,24
728,Arthur,Lopez,IT,63982.23,11/25/2023,52
729,Susan,Sherman,HR,71296.04,8/29/2023,47
730,Mark,Davis,Operations,64203.03,4/23/2024,46
731,Derrick,Rodriguez,HR,45737.44,11/16/2024,55
732,Carl,Smith,IT,44229.15,11/1/2021,60
733,Meredith,Nelson,Finance,38683.07,11/11/2024,41
734,Kevin,Noble,Operations,73611.63,12/7/2020,31
735,Adrian,Schmidt,HR,60648.05,1/18/2022,38
736,Linda,Knox,HR,38242.09,11/13/2023,31
737,Craig,Kaufman,Finance,36781.49,4/29/2023,57
738,Michele,Doyle,IT,70852.1,10/30/2023,31
739,Julie,Burke,IT,92467.83,11/6/2022,35
740,Randall,Garcia,HR,67728.42,4/19/2023,34
741,Nathan,Hess,Operations,56926.81,7/14/2022,57
742,Patricia,Kirk,IT,40540.07,12/29/2019,43
743,Luke,Lawrence,IT,41702.77,7/27/2022,49
744,Brian,Mcclure,IT,76542.09,12/5/2020,50
745,Carrie,Brooks,Operations,39718.65,2/7/2024,28
746,Brittany,Warren,IT,95509.49,12/7/2022,54
747,Chase,Harris,HR,38838.34,10/27/2022,42
748,Laura,Baker,Marketing,62128.48,11/16/2021,27
749,Travis,Williams,IT,37122.94,9/13/2023,50
750,Elizabeth,Perry,IT,64384.67,7/11/2024,36
751,Christopher,Rodriguez,Finance,83571.55,5/10/2022,39
752,Jon,Rogers,Operations,63194.09,7/2/2020,50
753,Lisa,Garcia,HR,83345.27,2/9/2021,41
754,Daniel,Parks,HR,44927.18,5/17/2020,57
755,Rose,Curtis,Marketing,66135.47,12/16/2022,40
756,Jacob,Lopez,Finance,39413.98,4/3/2020,23
757,Jimmy,Gibson,Operations,90850.73,3/27/2024,42
758,Susan,Williams,Marketing,48365.88,2/9/2022,28
759,Daniel,Myers,Operations,40077.35,4/14/2024,57
760,Laura,Lopez,Marketing,63664.92,12/20/2019,38
761,Danny,Lin,Operations,73773.58,9/17/2022,54
762,Daniel,Bailey,Marketing,86601.18,10/27/2024,36
763,Christopher,Clarke,Operations,96631.59,5/17/2024,48
764,Emily,Mueller,Finance,31557.69,10/31/2024,26
765,Nathan,Fitzgerald,Operations,82885.91,7/26/2021,46
766,Jesse,Snyder,Finance,76959.56,1/14/2021,29
767,Karen,Garcia,Marketing,54060.66,7/20/2024,29
768,Edward,Flores,IT,76601.14,7/24/2022,43
769,Michelle,Singh,IT,78684.07,2/20/2022,38
770,Michael,Goodwin,Marketing,80961.56,4/10/2023,58
771,Adam,Horton,IT,72441.89,4/5/2022,22
772,Charles,Bass,Finance,81964,11/4/2022,25
773,Ricardo,Young,HR,92354.5,9/18/2020,34
774,Sharon,Cummings,HR,65472.46,4/3/2024,44
775,Jennifer,Davenport,HR,72728.64,11/6/2021,44
776,David,Carroll,Finance,64242.48,5/30/2024,43
777,Lisa,Thompson,Marketing,35621.71,9/15/2022,26
778,Kristin,Ramirez,HR,39972.32,2/14/2022,54
779,Kimberly,Myers,Operations,57472.6,2/11/2020,30
780,Dan,Thompson,Operations,64379.07,5/8/2024,37
781,William,Miller,HR,58016.84,3/13/2023,23
782,Antonio,Schultz,Marketing,95804.28,2/28/2022,32
783,Blake,Blankenship,Marketing,93881.72,7/4/2021,29
784,Bridget,Golden,Marketing,53690.94,7/1/2021,28
785,Jeffrey,Willis,HR,96006.22,7/18/2020,22
786,Patricia,Boyd,Operations,36452.01,9/20/2024,58
787,James,Farley,Finance,58887.73,1/29/2023,51
788,Peggy,Martin,IT,51377.83,9/12/2021,33
789,Alexander,Rose,IT,87962.04,10/3/2020,50
790,Jade,Wilson,IT,87170.29,7/16/2020,47
791,Justin,Hamilton,Finance,53375.31,4/18/2020,28
792,Amanda,Ramirez,HR,90385.44,1/13/2022,48
793,Laura,Cunningham,Operations,76845.17,3/26/2022,42
794,Brittany,Wong,Operations,48036.71,5/2/2023,56
795,Mason,Rodriguez,Marketing,83383.19,2/10/2021,40
796,Jonathan,Ross,IT,69020.7,7/8/2024,27
797,Scott,Nelson,HR,94982.49,8/14/2020,41
798,Melissa,Townsend,IT,99618.31,7/21/2022,51
799,Tammy,Kirby,IT,85980.83,9/9/2020,51
800,Micheal,Diaz,Finance,58079.49,11/9/2021,51
801,David,Herring,Finance,86153.12,9/27/2021,53
802,Jean,Henderson,Finance,96934.22,6/7/2023,26
803,Joseph,Tate,Finance,39392.15,8/19/2022,52
804,George,Jimenez,Finance,71891.28,9/9/2021,39
805,Charles,Lang,HR,53047.8,1/29/2022,31
806,Lindsey,Payne,Operations,63803.69,8/6/2023,48
807,Mary,Leon,HR,57259.74,4/22/2023,28
808,John,Austin,Finance,30228.7,8/24/2024,39
809,David,Vasquez,HR,46619.94,2/18/2022,40
810,Jose,Sanchez,HR,41287.18,2/18/2024,50
811,Austin,Cook,Marketing,72695.76,1/31/2021,33
812,Sheri,Harris,Marketing,56796.66,3/17/2022,39
813,Jennifer,Barajas,Finance,38449.16,2/29/2024,27
814,Courtney,Holden,Marketing,45974.65,8/25/2021,58
815,James,Hernandez,HR,42210.53,10/12/2021,48
816,Jennifer,Ward,IT,81092.01,3/3/2024,48
817,Brittney,West,IT,67267.15,4/7/2021,44
818,Carrie,Ward,Marketing,65427.99,6/9/2023,31
819,Regina,Peck,Finance,65062.84,6/15/2022,47
820,Andrea,Graham,Operations,59984.74,9/26/2024,50
821,Dana,Perkins,Operations,64676.64,7/27/2021,24
822,Richard,Horn,HR,89155.87,6/4/2021,40
823,Andres,Banks,IT,41122.2,3/7/2020,59
824,Bobby,Silva,Finance,61326.23,1/12/2023,37
825,William,George,Operations,45158.58,2/28/2022,29
826,Jessica,Smith,Operations,36320.6,12/14/2023,46
827,Nicholas,Perez,Marketing,82514.24,1/23/2022,28
828,Sharon,Murphy,Finance,46047.71,4/25/2024,38
829,Anthony,Klein,IT,53638.72,12/19/2020,54
830,Robert,Diaz,HR,67344.35,1/26/2020,56
831,Lawrence,Hill,Marketing,89625.68,6/27/2024,22
832,Melissa,Walker,HR,31631.32,3/11/2021,22
833,William,Carr,Finance,33178.65,1/1/2022,26
834,Tyler,Dixon,Finance,69899.18,6/8/2021,40
835,Gregory,Stevens,IT,58465.47,11/13/2023,41
836,Mario,Craig,Finance,87099.39,4/18/2020,43
837,Laura,Smith,IT,38754.96,5/19/2021,31
838,Robin,Morgan,HR,72009.97,11/20/2024,57
839,Kim,Davis,Finance,56156.69,3/7/2024,41
840,Jenna,Jackson,Marketing,53038.67,5/19/2023,54
841,Taylor,Smith,Marketing,78555.46,9/21/2023,41
842,Kaylee,Lewis,Finance,73148.02,2/22/2024,39
843,Austin,Hall,HR,45702.75,6/3/2022,27
844,James,Bush,HR,65927.77,12/27/2020,24
845,Justin,Reynolds,Finance,41118.33,12/11/2020,55
846,Jill,Jones,HR,80168.48,8/15/2021,59
847,Michelle,Jenkins,Marketing,70584.74,6/30/2022,53
848,Nicholas,Kelley,Finance,74110.04,2/4/2020,54
849,Barbara,Morgan,Operations,96435.2,3/23/2023,57
850,Jeffrey,Ellison,Marketing,85272.92,3/8/2022,25
851,Jennifer,Pope,Finance,33955.54,6/8/2023,43
852,Patrick,Martin,IT,84448.52,7/28/2020,42
853,Hunter,Brooks,Marketing,31323.11,7/15/2024,38
854,Brian,Smith,Marketing,80679.51,12/5/2022,31
855,Stephanie,Hickman,IT,52316.84,3/20/2020,23
856,Richard,Welch,HR,48895.69,9/29/2020,59
857,Richard,Williams,IT,97692.47,9/28/2023,29
858,Heather,Ortiz,Operations,60848.71,1/16/2020,22
859,Cassandra,Johnson,Finance,87413.58,11/30/2023,47
860,Jeffrey,Hunt,Operations,44886.02,12/27/2022,55
861,Lauren,Hall,IT,38230.31,12/12/2020,35
862,Renee,Neal,IT,59280.96,1/28/2021,48
863,Christopher,Mcdonald,HR,36486.5,2/24/2023,53
864,Anthony,Howard,Operations,41560.78,5/10/2022,34
865,Danielle,Ritter,HR,73506.47,12/6/2021,36
866,John,Griffith,HR,40103.49,9/6/2024,57
867,Robert,Scott,IT,50483.22,9/7/2024,24
868,Richard,Garcia,HR,33263.94,9/5/2020,42
869,Edward,Adams,HR,61869.98,5/20/2023,37
870,Victoria,Brown,Finance,93150.32,12/17/2023,57
871,Makayla,Duncan,HR,83637.49,10/6/2024,47
872,Shawn,Mccall,Marketing,31612.28,3/15/2023,38
873,Anne,Andrade,Marketing,59539.34,4/8/2024,38
874,Bradley,Randall,IT,37186.49,9/2/2020,48
875,Jessica,Parsons,Marketing,97111.36,8/28/2021,59
876,Elizabeth,Moore,HR,83301.85,1/27/2020,24
877,Bobby,Wright,HR,38653.22,2/11/2022,30
878,Kimberly,Anderson,Finance,61449.16,5/30/2024,40
879,Matthew,Perez,Marketing,62012.81,12/27/2020,41
880,Robert,Hernandez,HR,36200.2,4/11/2023,25
881,Caleb,Coleman,HR,67917.74,7/25/2022,39
882,Jennifer,Dawson,Marketing,52692.5,8/21/2020,46
883,Karen,Freeman,Marketing,67350.59,8/1/2023,27
884,Erica,Johnson,Finance,40659.92,5/14/2023,29
885,Sharon,Allen,IT,94187.11,6/9/2020,55
886,Martha,Boone,Marketing,95270.85,7/29/2023,24
887,Holly,Brown,HR,36542.12,3/2/2023,28
888,Jason,Jackson,Finance,43270.35,8/14/2020,36
889,Darryl,Perez,Marketing,53632.67,10/28/2024,37
890,Alexandria,Ward,Marketing,85773.99,3/1/2020,42
891,Melanie,Mcdonald,Finance,68448.61,2/11/2024,58
892,Jackie,Brown,Operations,97362.56,5/14/2021,38
893,Diane,Collins,Operations,62058.9,6/5/2020,30
894,Aaron,Franklin,IT,93687.2,1/14/2020,45
895,Julia,Williams,Marketing,51382.13,1/3/2023,39
896,Victoria,Harris,Finance,42756.25,3/12/2024,60
897,Meghan,Ponce,Marketing,92191.88,3/16/2024,49
898,Michelle,Jones,Operations,91463.49,9/25/2021,22
899,Anthony,Wilson,Marketing,32848.52,5/7/2021,33
900,Christina,Christensen,Finance,88365.73,2/29/2024,23
901,Carl,Saunders,IT,92189.87,8/7/2024,44
902,Randy,Price,Finance,74474.62,4/25/2020,25
903,Daniel,Harris,Operations,50721.25,11/19/2020,35
904,Dylan,Gutierrez,IT,54211.39,12/29/2022,58
905,Nancy,Maldonado,Marketing,45823.63,4/16/2020,57
906,Sara,Oliver,Finance,49770.04,9/20/2020,43
907,Jeremy,Garcia,HR,83593.79,10/2/2023,30
908,Tanya,Greer,IT,82754.13,2/16/2021,52
909,Linda,Brown,Finance,62923.37,11/22/2022,32
910,Amber,Cain,Operations,32102.33,1/27/2023,31
911,Matthew,Peterson,Marketing,58309.2,10/22/2021,33
912,Joseph,Wilson,IT,76498.75,1/20/2021,28
913,Amy,Espinoza,Marketing,51103.96,9/11/2023,57
914,Sarah,Gonzalez,HR,88251.44,10/26/2022,34
915,Jason,Sherman,Marketing,34222.6,10/10/2023,43
916,Alexander,Holmes,IT,69887.63,3/25/2024,28
917,Cathy,Kelley,Marketing,38872.09,7/31/2022,57
918,Jason,Snyder,Operations,97239.73,3/7/2022,56
919,Brian,Wallace,Finance,88396.53,7/14/2021,38
920,Angel,Zavala,Finance,55551.65,2/2/2023,27
921,Morgan,Johnson,Finance,62547.88,7/1/2021,35
922,Elizabeth,Hughes,IT,33568.81,3/28/2020,59
923,Katelyn,Gray,Marketing,50772.67,10/31/2023,50
924,James,Wilson,Marketing,91535.3,6/28/2023,57
925,Alicia,Thomas,Marketing,93462.31,11/29/2022,48
926,Nathan,Williams,Marketing,52445.13,2/22/2021,60
927,Tommy,Bernard,Operations,58384.65,9/5/2021,57
928,Kaitlyn,Clarke,Finance,72249.16,11/9/2021,24
929,Rachel,Becker,IT,35834.57,6/4/2021,44
930,David,Jimenez,Finance,66467.1,3/29/2020,36
931,Tiffany,Spence,Operations,76371.94,5/15/2021,39
932,Glen,Barron,Operations,43998.01,6/1/2021,38
933,Roberto,Jones,Finance,66070.35,3/5/2022,49
934,Joseph,Merritt,Marketing,82668.3,4/10/2021,35
935,Nicholas,Chavez,Marketing,49851.17,9/8/2021,44
936,Dean,Gonzalez,IT,30406.74,12/22/2019,25
937,Kylie,Cummings,HR,32406.3,7/29/2020,52
938,Matthew,Daugherty,Operations,35081.48,3/1/2020,36
939,Jeremy,Kirby,Operations,32632.1,7/13/2024,54
940,Patricia,Ferguson,Finance,60963.99,6/28/2020,33
941,Michelle,Bartlett,Finance,90761.51,9/8/2024,54
942,Rose,Jones,Operations,64451.77,11/26/2024,36
943,Jennifer,Stein,IT,76122.86,3/11/2022,39
944,David,Hines,Operations,35092.03,10/14/2024,56
945,Sarah,Chapman,IT,38301.3,3/2/2020,25
946,Jamie,Williams,IT,85240.21,4/24/2020,28
947,Kathleen,Martinez,Operations,71643.66,10/5/2022,48
948,John,Ward,Marketing,32104.25,9/12/2024,47
949,Matthew,Lewis,IT,59412.38,2/11/2020,35
950,Jacob,Reed,Finance,75920.14,5/10/2020,33
951,Lindsay,Jones,Operations,44721.8,8/1/2021,44
952,Shari,Morgan,Finance,31036.35,5/28/2022,30
953,Christopher,Roberts,IT,85941.13,4/23/2023,39
954,Carmen,Webb,Finance,69940.18,9/8/2024,46
955,Jonathan,Brewer,IT,53942.56,6/4/2021,40
956,Michelle,Martin,Operations,92597.05,7/16/2021,60
957,Eric,Perez,Operations,90045.2,11/15/2024,43
958,Laura,Bass,HR,37031.75,4/29/2020,47
959,Alexandria,Foster,HR,49420.84,12/16/2021,55
960,Jason,Noble,Operations,54151.84,10/24/2022,29
961,Stephen,Frey,Finance,57261.68,7/7/2023,32
962,Erica,Bautista,Finance,72656.93,1/14/2021,28
963,Roberto,Gutierrez,Finance,56078.16,9/26/2024,43
964,Carla,Barker,HR,76766.15,10/20/2020,45
965,Heather,Baldwin,Finance,57149.01,1/3/2024,44
966,Jeffrey,Flores,Finance,80654.57,3/24/2024,45
967,Adam,Bradshaw,HR,71955.56,5/13/2024,24
968,Sharon,Mejia,HR,96890.76,8/11/2020,47
969,Mary,Santos,Marketing,77416.12,7/26/2023,33
970,Travis,Richardson,Finance,41761.19,10/22/2023,52
971,Kimberly,Hill,Finance,38040.89,11/10/2020,55
972,Brian,Fields,Marketing,95908.28,6/10/2023,33
973,Jenna,Reeves,Finance,82632.42,10/31/2021,42
974,Angela,Higgins,Operations,45452.52,8/9/2020,23
975,Anna,Rogers,IT,98904.04,4/3/2021,58
976,Adam,Rush,Finance,70638.71,6/26/2023,47
977,Courtney,Andersen,Operations,30133.72,10/29/2023,33
978,Brenda,Joyce,IT,41966.82,11/14/2020,42
979,James,Brown,Finance,31054.69,5/13/2020,25
980,Jason,Bailey,IT,93593.58,11/7/2021,53
981,Timothy,English,Marketing,66114.78,7/30/2020,27
982,Adam,Lowe,IT,93174.12,9/21/2024,27
983,Rebecca,Crosby,Finance,52424.11,11/16/2023,38
984,Charles,Morris,Finance,66316.14,4/11/2024,38
985,Daniel,Kelley,Finance,76269.41,11/19/2023,22
986,Alex,Johnston,Finance,78005.06,3/12/2023,60
987,Michelle,Koch,Operations,57775.65,1/4/2023,33
988,Mason,Tran,Finance,73823.79,10/13/2022,46
989,Benjamin,Martinez,Operations,45594.95,8/11/2022,35
990,Frank,Miller,IT,73566.74,11/19/2020,51
991,Dillon,Maldonado,IT,31881.6,7/17/2020,56
992,Angela,Jones,HR,31208.08,6/1/2021,38
993,Richard,Bright,HR,39884.28,7/7/2021,36
994,Daniel,White,Finance,34859.95,11/16/2020,39
995,Mary,Wagner,Marketing,35956.07,12/15/2023,45
996,Brandi,Cowan,Finance,97102.57,11/7/2024,41
997,Michael,Gray,IT,40509.73,3/11/2023,37
998,Cassandra,Rodriguez,Finance,72886.03,7/25/2024,32
999,April,Howard,Operations,32177.63,4/6/2022,29
1000,Benjamin,Palmer,IT,87670.82,4/3/2020,38
